tract,design,n_lightfoot_l_2019r,n_preckwinkle_t_2019r,Y
17031010100,0.75,625.7623641900718,275.01694292761385,0.5605089748668889
17031010201,0.5,619.507468521595,316.140071362257,0.4896912669726161
17031010202,0.75,364.3695212304592,214.9518859833479,0.4100717171472927
17031010300,0.75,830.7477536201477,514.1516064405441,0.3810978071261381
17031010400,0.5,507.333085089922,319.18159598112106,0.3708638262285852
17031010501,0.5,531.0295133590698,311.6584939956665,0.4131051360512042
17031010502,0.5,444.4708595275879,253.10176277160645,0.4305548781294251
17031010600,0.5,799.5255278944969,531.7001454532146,0.3349804016221778
17031010701,0.25,473.62232971191406,229.07846176624295,0.5163267282909096
17031010702,0.25,551.142654210329,336.98102383315563,0.3885774921268283
17031020100,0.5,405.0096461772919,190.0380257368088,0.5307814825387637
17031020200,0.5,900.8278817534448,330.68186216056347,0.6329133801710296
17031020301,0.5,726.878180027008,221.88806116580963,0.6947383106787369
17031020302,0.25,726.1563422679901,284.1706934571266,0.6086645851366088
17031020400,0.5,699.0000026226044,215.9999989271164,0.6909871271577999
17031020500,0.0,406.88827633857727,197.77145093679428,0.5139416335204852
17031020601,0.5,444.5724143087864,198.4441368877888,0.553629216521843
17031020602,0.25,344.60495445132256,186.5235124528408,0.4587323541246754
17031020701,0.5,430.5437116920948,153.2281343564391,0.6441055107872047
17031020702,0.5,436.9505735635757,179.25370563566685,0.5897620543812248
17031020801,0.5,712.942387342453,279.32185927033424,0.6082125789833766
17031020802,0.5,515.4496598243713,200.9380340576172,0.6101694312378
17031020901,0.5,319.4835670441389,153.63945066928864,0.5191006157507242
17031020902,0.5,388.6281518936157,182.589097738266,0.5301701720562733
17031030101,0.5,691.5045484304428,272.1920457482338,0.6063770710314957
17031030102,0.75,492.0565528869629,199.1937279701233,0.5951812310974693
17031030104,0.5,331.2644758224488,148.33845555782318,0.5522053634349562
17031030200,0.5,1421.644357085228,593.0324267745018,0.5828545839759913
17031030300,0.25,456.590029835701,214.1605861186981,0.530956498993722
17031030400,0.5,658.6505444049835,191.32971197366717,0.7095125577607896
17031030500,0.5,1399.3556690216064,605.9675788879395,0.5669667173952878
17031030601,0.25,496.2444181442261,223.8153715133667,0.5489815838123582
17031030603,0.5,232.58147060871124,137.16457676887512,0.4102514855981924
17031030604,0.5,602.5527629852295,262.17843705415726,0.5648871714482802
17031030701,0.75,228.40125274658203,97.49016046524048,0.5731627594293071
17031030703,0.5,556.7197933197021,227.654851436615,0.591078215345791
17031030800,0.25,1230.0000116825104,468.99999874830246,0.6186991916310961
17031030900,0.5,789.3494572639465,309.6702865958214,0.6076892385924929
17031031000,0.5,1008.9999904632568,402.9999955892563,0.6005946487628518
17031031100,0.75,918.8717873096466,522.8229477405548,0.4310164323672166
17031031200,0.25,724.1740183830261,345.0422064065933,0.5235368880300045
17031031300,0.25,1356.3568983078003,561.8292503356934,0.5857806665512335
17031031400,0.5,1111.6478221542202,318.1644951819908,0.7137902050980212
17031031501,0.5,671.7042293548584,370.0023933649063,0.4491587559002317
17031031502,0.5,536.2166467905045,284.8689932823181,0.4687427274267109
17031031700,0.75,1327.0329585075378,547.3756983280182,0.5875191382257526
17031031800,0.75,406.9865493774414,159.1440815925598,0.608969677656426
17031031900,0.25,582.5642819404602,219.9437177181244,0.6224558824898858
17031032100,0.75,1207.6413509845734,491.7723853588104,0.5927827537887178
17031040100,0.25,1006.0000022649764,354.99999925494194,0.6471172977577824
17031040201,0.5,1321.3100250959396,532.169212281704,0.5972412210805231
17031040202,0.5,761.8265690505505,316.82130033522844,0.5841293632879244
17031040300,0.75,574.0664845705032,229.56772363185885,0.6001025494396987
17031040401,0.5,836.0492589473724,268.47503340244293,0.6788765368436946
17031040402,0.25,1134.849308013916,494.67874574661255,0.564101821930576
17031040600,0.5,639.9465532302856,242.69095885753632,0.6207637065431562
17031040700,0.5,784.9723896086216,367.1486088037491,0.5322783149267132
17031040800,0.25,390.4909107685089,181.3516538143158,0.5355803456285189
17031040900,0.25,538.6902649402618,203.5117569565773,0.6222100709780864
17031050100,0.5,692.7106790542603,227.33475363254547,0.6718186098373427
17031050200,0.5,1535.3018493652344,358.18018412590027,0.7667037369400755
17031050300,0.0,647.2889761924744,238.43999528884888,0.6316328501507684
17031050500,0.5,1287.1906868815422,328.77532771229744,0.7445791590453342
17031050600,0.25,568.0173811614513,167.33147931657732,0.7054113397473385
17031050700,0.75,329.5376763343811,78.04157465696335,0.7631785975884143
17031050800,0.75,324.77292823791504,74.5885523557663,0.7703363000098153
17031050900,0.5,267.1302766799927,62.970188438892365,0.7642716160013296
17031051000,0.5,254.14334732294083,54.284221202135086,0.7864031391183498
17031051100,0.5,263.26009368896484,57.74878162145615,0.7806398196846163
17031051200,0.25,274.6976385116577,71.70236617326736,0.7389771293202274
17031051300,0.5,488.6221785545349,96.10840278863908,0.8033073261779654
17031051400,0.5,325.976354598999,74.87497478723526,0.7703055030499283
17031060100,0.5,646.3141145706177,183.078298330307,0.7167347978282417
17031060300,0.5,674.7818579673767,190.452665746212,0.7177566890729601
17031060400,0.25,656.4091601371765,165.9609852433205,0.7471683892884159
17031060500,0.75,228.66338539123532,67.59037637710571,0.7044110220730754
17031060800,0.25,1259.3526916503906,377.2154178619385,0.7004688040428174
17031060900,0.5,1694.0059623718262,459.18590247631073,0.7289348959354361
17031061000,0.75,363.17518734931946,87.53616964817047,0.7589698506468341
17031061100,0.75,178.42085367441177,46.29850500822067,0.7405095645786579
17031061200,0.25,303.47161531448364,83.55944752693176,0.7246548167599127
17031061500,0.25,320.9011404514313,59.99659638106823,0.8130371356840074
17031061800,0.75,201.33789157867432,78.10521817207336,0.6120689575138758
17031061901,0.75,705.885027050972,178.09167569875717,0.7477044152037281
17031061902,0.75,974.2084336280824,240.29097390174863,0.7533474710264281
17031062000,0.25,534.0000038146973,123.00000137090684,0.7696629204265157
17031062100,0.75,683.6130769252777,148.94920736551285,0.7821147482499172
17031062200,0.5,495.6461568176746,101.7684244029224,0.7946752476477724
17031062300,0.75,300.6186742782593,48.00758728384972,0.8403040416597246
17031062400,0.5,331.7477111816406,62.21908318996429,0.8124506029948231
17031062500,0.5,352.52663946151733,69.64344236254692,0.8024448805658292
17031062600,0.5,436.5266284346581,93.94355861842632,0.7847930630135926
17031062700,0.5,466.3162781000137,86.49790614843369,0.8145080705720465
17031062800,0.5,599.5973482131958,111.0235920548439,0.8148364191641357
17031062900,0.25,711.6278747916222,165.29414038732648,0.767723909865493
17031063000,0.5,468.0271516442299,122.09677951037884,0.7391245805260663
17031063100,0.5,433.87936878204346,120.46454048156738,0.7223547622931986
17031063200,0.5,1485.7747208327055,360.3141346685589,0.7574907355627776
17031063301,0.75,369.96704864501953,131.66955757141113,0.6441046356597367
17031063302,0.75,860.5103855133057,227.8491027355194,0.7352163244379619
17031063400,0.75,285.7841339111328,86.95045328140259,0.6957477936530913
17031070101,0.5,1028.5017623901367,231.93375158309937,0.7744935788499689
17031070102,0.5,511.0483554601669,122.96732500195505,0.7593822117063058
17031070103,0.5,216.9999885559082,55.99999904632568,0.7419354746560378
17031070200,0.5,603.816262960434,138.24956965446472,0.7710403343946969
17031070300,0.5,482.43008774518967,85.85830156505108,0.8220295463611303
17031070400,0.25,616.0584557652473,124.36437746323644,0.7981289335461598
17031070500,0.25,644.0215709209442,119.7453291118145,0.8140662758538042
17031070600,0.25,549.7637710571289,84.49122400581837,0.8463135832989649
17031070700,0.5,482.6056171059609,101.01753560453652,0.7906830504578294
17031071000,0.75,630.0839651674032,112.96091571822762,0.8207208531513484
17031071100,0.25,506.2508865594864,106.07623770833015,0.7904670578865923
17031071200,0.75,442.3130259513855,92.70241749286652,0.7904144529918153
17031071300,0.25,730.4065062999725,138.16552138328552,0.8108374991301871
17031071400,0.0,953.8750219345092,225.07418847084045,0.7640422662348595
17031071500,0.75,1127.8331410607789,204.5053132400208,0.8186741408860586
17031071600,0.5,480.8727827072144,66.88390004634857,0.8609114459133952
17031071700,0.5,343.6243624687195,55.543571293354034,0.8383596235892319
17031071800,0.25,526.2410364151001,94.76304137706757,0.8199246451348232
17031080100,0.75,1529.0000371932983,302.00000336766243,0.8024852871017405
17031080201,0.5,1013.5416192263364,204.151365570724,0.7985762383131753
17031080202,0.5,781.2105575799942,160.7019630074501,0.7942911018698123
17031080300,0.5,562.1279502660036,122.97008084133267,0.7812418315382784
17031080400,0.5,444.0422154963017,114.14451868832111,0.742942191744668
17031081000,0.75,1032.4591089189053,328.0627689771354,0.6822510778943565
17031081100,0.5,532.5711998939514,127.77078394591808,0.7600869442970996
17031081201,0.75,965.3365378379822,178.03262412548065,0.8155745513122172
17031081202,0.75,897.0054836273193,150.2558572292328,0.832491707161447
17031081300,0.5,1280.5357921123505,287.42688339948654,0.7755417028013314
17031081401,0.5,489.0389111042023,119.27661907672882,0.7560999413984997
17031081402,0.0,921.0000078380108,172.0000020749867,0.8132464705632894
17031081403,0.5,1025.1686210259795,208.7187997121364,0.7964053957257758
17031081500,0.75,790.3069751262665,140.52778232470155,0.8221858255746135
17031081600,1.0,544.9015535116196,90.99047434329988,0.8330148377135072
17031081700,0.75,543.7526357769966,86.69126881659031,0.8405685543156722
17031081800,0.5,1400.910560771823,199.42106312513351,0.8576489686713021
17031081900,0.75,289.4020776450634,36.92530133202672,0.8724083060063111
17031090100,0.25,963.777780175209,94.76353247463705,0.9016749146702576
17031090200,0.25,2011.6266864538195,244.8855851590633,0.8782648953664668
17031090300,0.75,382.75801134109497,49.66048617660999,0.8702561809154269
17031100100,0.5,1292.233170747757,203.7112195715308,0.8423572276405408
17031100200,0.5,1727.732663653791,186.91752267244735,0.8918133999520759
17031100300,0.5,1719.164627790451,321.5798139721155,0.8129441423039139
17031100400,0.25,938.9216198921204,111.8687972649932,0.8808539553303218
17031100500,0.25,1376.558070614934,213.29608001187444,0.8450511572558714
17031100600,0.75,886.2141338735819,146.41486610472202,0.8347861306784258
17031100700,0.25,959.725749373436,155.565025806427,0.8379067916975357
17031110100,0.5,1205.5069354772568,210.2461106479168,0.8255952707856625
17031110200,0.5,467.44495844841,78.77266366779804,0.8314824831371203
17031110300,0.5,790.0158200860023,142.96803959831595,0.8190314219495601
17031110400,0.25,515.0800955034792,109.06622002087532,0.7882538638689474
17031110501,0.5,938.522889211774,184.03676691278812,0.8039080676366317
17031110502,0.5,415.08188273757696,106.09208413399756,0.7444068542951293
17031120100,0.5,1331.5357019901276,180.2293130159378,0.8646455271559259
17031120200,0.25,1342.1486822366714,316.0150224380195,0.764545443719853
17031120300,0.5,1834.346600145101,381.6735904365778,0.7919294039597607
17031120400,0.25,674.5273178219795,183.4772220551968,0.7279914138279276
17031130100,0.75,863.9999984502792,202.99999879300597,0.7650462972718535
17031130200,0.25,400.0709843020886,67.09525442495942,0.8322916255923808
17031130300,0.75,556.9844433665276,213.05311062932012,0.6174882204221294
17031140100,0.25,297.2827196121216,170.05972921848297,0.4279528610328655
17031140200,0.5,534.1979840248823,292.665142133832,0.4521410583979292
17031140301,0.75,171.7578114271164,59.54148927330971,0.6533404287200323
17031140302,0.5,400.927399456501,152.43185341358185,0.6198018553478282
17031140400,0.75,1139.4646224677565,330.18607311695814,0.7102270078364794
17031140500,0.5,390.0000002384186,128.9999998211861,0.6692307698914756
17031140601,0.5,198.40069019794464,74.034712895751,0.6268424629879742
17031140602,0.75,331.4651364684105,164.71775019168854,0.5030616132161864
17031140701,0.5,308.44981253147125,142.721586227417,0.5372939764297796
17031140702,0.5,540.1828284263611,254.1368448138237,0.5295354990195358
17031140800,0.25,1406.412920713425,500.2602107524872,0.6443006151431526
17031150200,0.5,1121.0413191914558,316.38168750703335,0.717778745447829
17031150300,0.5,1129.7855421602726,292.99796014279127,0.7406605508665411
17031150401,0.5,629.3245713710785,148.49736949801445,0.7640369115502823
17031150402,0.5,499.7046341896057,127.9015455842018,0.7440457085381533
17031150501,0.5,587.9670500159264,96.94758846610785,0.8351139090813307
17031150502,0.5,469.81661969423294,123.32968024164438,0.7374940028262302
17031150600,0.75,587.0041991472244,147.22416761517525,0.7491940128723841
17031150700,0.5,600.656644821167,156.9246555864811,0.7387448271163267
17031150800,0.5,661.1607142686844,188.11594170331955,0.7154762259106755
17031151001,0.5,249.6784303188324,80.456791639328,0.6777583408523239
17031151002,0.75,491.637384057045,158.41612392663956,0.6777785232291074
17031151100,0.75,553.6652890443802,164.1742377281189,0.7034774601610267
17031151200,0.5,497.0860900878906,108.80991038680077,0.7811044956668132
17031160100,0.5,652.0,114.99999976158142,0.8236196322675131
17031160200,0.25,717.3419069051743,170.07278932631016,0.7629125139780909
17031160300,0.25,453.8959220647812,159.0412550866604,0.6496085394132234
17031160400,0.5,786.5793586224318,261.6934458166361,0.667301915632581
17031160501,0.5,385.7224439382553,159.26731979846954,0.5870934598144246
17031160502,0.5,453.2708616256714,164.04946088790894,0.6380763142383784
17031160601,0.25,574.0000002384186,242.0000007748604,0.5783972113687413
17031160602,0.25,650.0373144298792,210.142453096807,0.6767224766456458
17031160700,0.5,1055.269559621811,360.21911215782166,0.6586473011815887
17031160800,0.25,657.4499536752701,257.0173638164997,0.6090693103258676
17031160900,0.5,513.8462760895491,191.21920616552237,0.6278669028785602
17031161000,0.5,402.27689814567566,105.1468656361103,0.7386206711824806
17031161100,0.5,462.61965680122375,121.35397452116013,0.7376808945813927
17031161200,0.5,443.869486451149,129.23160901665688,0.7088522348091623
17031161300,0.5,418.62568283081055,160.9875766634941,0.6154378881513632
17031170100,0.75,347.15188694000244,85.68641722202301,0.7531731197623246
17031170200,0.5,568.8705217838287,117.82304286956789,0.7928824954752345
17031170300,0.5,747.8526154756546,135.83780197799206,0.8183628710162423
17031170400,0.5,529.7188197374344,86.92150643467903,0.8359101032548487
17031170500,0.25,895.8792325258255,108.9435466825962,0.8783948296519356
17031170600,0.5,435.7814991474152,51.51082058250904,0.8817966786490766
17031170700,0.5,448.71106761693954,72.6611752808094,0.8380668975545761
17031170800,0.25,428.9835103750229,71.57668815553188,0.8331481597207346
17031170900,0.25,193.85387206077576,41.69296637177467,0.784925800405455
17031171000,0.75,988.2199178934096,180.6667109578848,0.8171796503120354
17031171100,0.5,437.5965931415558,114.5246517509222,0.7382871495211224
17031180100,0.5,706.3181988596916,153.9804658293724,0.7819956131981809
17031190100,0.5,168.99999910593033,83.00000134110451,0.50887572911122
17031190200,0.75,523.1029254198074,190.19695010781288,0.6364062579937332
17031190300,0.5,556.7222617864609,179.93124908208847,0.6768024894411285
17031190401,0.5,488.2848083972931,159.9372248351574,0.6724509505832825
17031190402,0.5,559.2009391486645,159.06185668706894,0.7155550973694232
17031190601,0.5,328.6733418703079,71.39778277277946,0.7827697787520823
17031190602,0.5,557.726917386055,160.44038850069046,0.712331638478846
17031190701,0.5,185.8859185129404,57.87098906189203,0.6886747015327933
17031190702,0.5,292.9981379508972,77.03182297945023,0.7370910835195826
17031190800,0.5,486.4596795067191,184.94623809680343,0.6198117831999088
17031190900,0.25,222.93995547294617,60.781030505895615,0.7273659161860225
17031191000,0.5,149.26434486359358,46.660949267447,0.6873938695132553
17031191100,0.5,373.9656277149916,104.18900606036186,0.7213941647605997
17031191200,0.25,159.18925351742655,43.304378911387175,0.7279692067489555
17031191301,0.5,303.2687831223011,81.58356149494648,0.7309859568960457
17031191302,0.25,232.35913476347923,59.98543228954077,0.741841729826544
17031200100,0.25,576.9233484268188,195.6306619644165,0.6609070121743709
17031200200,0.5,452.67184722423553,141.92157688736916,0.6864802223561588
17031200300,0.5,121.97815155982973,60.2085332646966,0.5063990354439452
17031200401,0.5,182.6160318851471,61.21022182703018,0.6648146321264543
17031200402,0.5,204.23382091522217,85.08206307888031,0.5834085525227576
17031210100,0.5,756.2734590172768,263.03468061983585,0.6521963352229356
17031210400,0.5,272.076656460762,81.36933782696724,0.7009323075142169
17031210501,0.25,321.3245630264282,180.1621094942093,0.4393142316997678
17031210502,0.5,361.45796489715576,186.8704925775528,0.4830090612867741
17031210601,0.25,251.8802284002304,164.12159538269043,0.3484141394301662
17031210602,0.5,390.7455261349678,255.6844361424446,0.3456497412228121
17031210700,0.25,535.9217933118343,366.55145540833473,0.3160355485020346
17031210800,0.75,132.0782115459442,67.44854497909546,0.4893287530954107
17031210900,0.5,522.2421721220016,161.17728750407696,0.6913744310437953
17031220300,0.5,346.30114126205444,142.03771591186523,0.5898433502291526
17031220400,0.5,447.81353628635406,216.72495117783544,0.5160375164737074
17031220500,0.5,470.60281608998775,263.15013309568167,0.4408232928097
17031220601,0.75,309.4829033613205,151.71543896198273,0.509777640980525
17031220602,0.75,722.2686741948128,394.148256123066,0.4542913597042491
17031220701,0.5,339.002254486084,201.5611354112625,0.4054283334580697
17031220702,0.75,393.0056654214859,241.5582926273346,0.3853567165036384
17031220901,0.5,225.914790391922,117.81106132268906,0.4785155008297251
17031220902,0.5,281.71320152282715,133.99275827407837,0.5243646462083852
17031221000,0.75,220.8729178905487,154.05071234703064,0.3025368894552799
17031221100,0.75,494.59318175911903,369.6846752464771,0.25254797502137
17031221200,0.5,523.260512650013,263.94951912760735,0.4955676708894865
17031221300,0.75,420.9563331604004,219.25310626626012,0.4791547507548334
17031221400,0.75,295.84998136758804,145.21341639757156,0.509165369129611
17031221500,0.75,320.81992894411087,139.57173262536526,0.5649530467613822
17031221600,0.5,591.6269870996475,153.89104142785072,0.7398850208265924
17031222200,0.5,400.6422715187073,71.15459644794464,0.8223986795546555
17031222500,0.5,176.00000143051147,85.99999904632568,0.5113636457538309
17031222600,0.5,193.29327124357224,120.25146949291228,0.3778807264253844
17031222700,0.5,195.39556235075,125.58035105466844,0.3573019287447168
17031222800,0.5,88.6483268737793,47.41389316320419,0.4651462149904553
17031222900,0.5,100.6336041688919,50.62828719615936,0.4969047604496938
17031230100,0.75,116.02664762735368,50.1924499720335,0.5674058416887289
17031230200,0.25,91.92325618863106,63.49348410964012,0.3092772521096472
17031230300,0.5,46.05009627342224,31.31406545639038,0.3200000002070949
17031230400,0.5,159.63195711374283,80.83209064602852,0.4936346574487394
17031230500,0.5,110.25827826559544,36.4799717515707,0.6691407454803893
17031230600,0.5,360.36036777403206,117.90762587578502,0.6728063449260316
17031230700,0.5,245.14486861228943,104.23202846944332,0.574814561449001
17031230800,0.5,77.23591721057892,33.96005618572235,0.5603074655910103
17031230900,0.5,399.404777944088,254.51483896374705,0.3627646612695852
17031231100,0.5,114.22317092120647,41.038485281169415,0.64071663437291
17031231200,0.5,415.10485976934433,170.39894670248032,0.5895038501906155
17031231500,0.5,603.2316831052303,288.1384912058711,0.5223419139349036
17031240200,0.5,259.1415870189667,51.73422205448151,0.800363104009643
17031240300,0.25,246.7716281414032,50.12664088606834,0.7968703239363273
17031240500,0.5,432.8119075298309,91.81604665517808,0.7878615512701674
17031240600,0.25,216.7249871492386,51.39770692586899,0.7628436499088307
17031240700,0.25,189.13441967964167,67.99415123462677,0.6404982691685832
17031240800,0.5,157.9999933242798,97.99999618530272,0.3797468333801307
17031240900,0.5,129.8838533461094,96.0944296568632,0.2601510720443861
17031241000,0.5,205.90405750274655,120.20711827278136,0.4161983997271257
17031241100,0.5,381.1743691712618,183.14592718705532,0.519521924873265
17031241200,0.75,275.43152809143066,80.4813060760498,0.7077992246068007
17031241300,0.25,262.2514173984528,83.21543511748314,0.6826883303702057
17031241400,0.5,662.2728976011276,270.7541584968567,0.5911743339074009
17031241500,0.25,465.87799245119095,133.7389796078205,0.7129313215587618
17031241600,0.5,368.11850583553314,129.955231487751,0.6469744676574016
17031242000,0.5,700.3278034031391,266.48184050247073,0.619489845744319
17031242100,0.5,538.6536107063293,150.52367341518402,0.7205557144269314
17031242200,0.25,554.72243475914,176.39809945225716,0.6820065524682645
17031242300,0.5,626.225378870964,199.5112664103508,0.6814066099172567
17031242400,0.75,480.0175532102585,174.04161947965622,0.6374265517673224
17031242500,0.5,341.5591526031494,174.1977391242981,0.4899924718846727
17031242600,0.5,566.0323572158813,343.8779785633087,0.3924764650297974
17031242700,0.5,154.14490750432014,87.60364386439323,0.431679934921379
17031242800,0.5,161.02955749630928,50.25517430901528,0.6879133552225833
17031242900,0.75,324.91337394714355,102.41646853089333,0.684788387480922
17031243000,0.5,387.306023478508,106.5617007613182,0.7248643338818834
17031243100,0.75,286.27697276324034,95.1652024500072,0.6675764678819918
17031243200,0.5,341.10271695256233,99.5954482331872,0.7080191881114858
17031243300,0.5,388.3331305980682,132.3305959701538,0.6592343389132092
17031243400,0.5,404.88481563329697,145.23247677832842,0.6412992753231204
17031243500,0.25,597.0001007094979,165.3977160230279,0.7229519461948786
17031250200,0.5,259.2935813218355,127.17507462203504,0.5095324999033233
17031250300,0.25,579.5849500596523,218.51177996397016,0.6229857591342212
17031250400,0.5,922.1695594787598,310.48456037044525,0.663310768416666
17031250500,0.75,1486.534185051918,492.2747938632965,0.6688439466690748
17031250600,0.25,845.4186135530472,312.9059080481529,0.6298805076776097
17031250700,0.5,942.5690550804138,290.2455915212631,0.6920696791849364
17031250800,0.5,300.8017512559891,140.03728133440018,0.5344532378894786
17031251000,0.25,111.2325663343072,46.254714116454124,0.584162124090201
17031251100,0.25,528.1008124649525,219.13577227294445,0.5850493559172711
17031251200,0.5,637.9800300598145,202.01448045670983,0.6833529719766154
17031251300,0.75,707.5529440641403,264.0712053179741,0.6267824089584513
17031251400,0.75,582.2182920277119,264.0646940469742,0.5464507081574045
17031251500,0.5,536.7971437163651,183.97951581329107,0.6572643540173104
17031251600,0.25,439.6615937948227,154.5721191763878,0.6484293343836576
17031251700,0.75,137.23517955839634,52.4537106603384,0.6177823293624337
17031251800,0.5,523.817508161068,173.13879594951868,0.6694673369026061
17031251900,0.5,513.2298981547356,226.13853406906128,0.5593816048478104
17031252000,0.5,652.0019916892052,291.01103965193033,0.5536654130488472
17031252101,0.25,213.0143787264824,71.13776820898056,0.6660424116236593
17031252102,0.25,939.929256439209,354.5680079758167,0.6227716016426085
17031252201,0.5,461.9759357571602,189.53219122439623,0.5897357923768031
17031252202,0.5,534.2250021994114,228.6295459717512,0.5720351068735451
17031260100,0.75,191.09510844945908,85.15043319016695,0.5544080961513069
17031260200,0.5,121.00000137090684,49.00000025331974,0.5950413248086023
17031260300,0.5,124.14312428236008,75.86524164676666,0.388888896704313
17031260400,0.5,128.00000044703484,69.99999989569187,0.4531250027248461
17031260500,0.5,182.9999983012676,69.999999538064,0.6174863377712987
17031260600,0.5,217.0891438126564,87.18382592499256,0.5983961961716959
17031260700,0.5,190.1449645459652,83.31906433403492,0.5618129329220624
17031260800,0.5,226.76589679718015,103.49711072444916,0.5435949047619927
17031260900,0.75,160.159345343709,70.55883121490479,0.5594460562792485
17031261000,0.5,261.84065571427345,123.44116905331612,0.5285637796904314
17031270500,0.75,163.467287003994,68.38042908906937,0.5816873801337473
17031271200,1.0,136.0000001788139,38.00000035017729,0.7205882330866575
17031271300,0.5,121.79999995231628,51.99999964237213,0.5730706103224161
17031271400,0.5,183.0000022947788,92.99999982118608,0.4918032860383223
17031271500,0.5,220.34452509880063,89.0202648639679,0.5959951134522088
17031271800,0.25,89.43426591157913,34.996016800403595,0.6086956554772522
17031280100,0.75,832.8871946781874,135.90665763430297,0.8368246522425947
17031280400,0.75,134.37304466962814,46.922676876187325,0.6508029047674538
17031280800,0.25,89.87925815582275,53.90901309251785,0.4002062967736522
17031280900,0.5,147.49847692251203,92.2896599918604,0.3743009289489509
17031281900,0.75,744.0102565586567,150.52422533929348,0.7976852818729572
17031282700,0.75,243.75228184461596,101.8081823438406,0.5823293157569701
17031282800,0.75,203.9367440342903,69.59972760081291,0.6587190408948067
17031283100,0.25,302.9358416944742,113.01839012652636,0.626923016126593
17031283200,0.75,185.10245370864868,67.08225536346436,0.6375939161290004
17031283800,0.5,548.5440635681152,197.00603914260864,0.6408564922548916
17031290900,0.25,403.169641405344,176.5880100429058,0.5620007264749247
17031291200,0.75,212.97257840633392,88.27890937775373,0.5854916626434182
17031291600,0.75,67.2307699918747,36.58144873380661,0.4558823476478444
17031292200,0.25,294.78770119324327,154.5368644148111,0.4757689557967446
17031292400,0.5,237.69296318292615,96.0522598773241,0.5958977556966917
17031292500,0.75,491.12500178813934,203.4130063131452,0.5858223353066169
17031300500,0.5,120.74481418728828,50.58882023394108,0.5810269735023789
17031300600,0.5,141.18533101677895,57.67624385654926,0.5914855782737456
17031300700,0.5,143.14332973957062,64.68145912885666,0.5481350109255138
17031300800,0.5,122.61541659757496,54.34476853534579,0.5567868214018643
17031300900,0.5,158.30348478257656,70.39069760590792,0.5553433476048446
17031301100,0.75,100.49961411207914,44.388541935011744,0.558321269915437
17031301200,0.5,122.33702781051396,59.9657400008291,0.5098316423568083
17031301600,0.5,157.7062212228775,60.9913164973259,0.6132599207286171
17031301701,0.5,178.13706716895103,46.43758875131607,0.7393154075716699
17031301702,0.25,189.00274991989136,58.379971385002136,0.691115756729749
17031301801,0.5,190.139535009861,50.65825265645981,0.7335732799923352
17031301802,0.5,177.03914447128773,66.41675478965044,0.6248470642580295
17031301803,0.5,222.4748537540436,64.28709331154823,0.7110365858128819
17031310200,0.5,200.1008669547737,97.9031681548804,0.5107309146391242
17031310300,0.5,275.6690746843815,134.31772066652775,0.5127573855706864
17031310400,0.25,219.07543683052063,102.43517243862152,0.5324205491925296
17031310500,0.75,185.0911829471588,88.68991094827652,0.5208312490303962
17031310600,0.5,686.2503066845238,358.1209142059088,0.4781482635161275
17031310700,0.5,185.2679669857025,111.53828120231628,0.397962405390221
17031310800,0.5,465.1731414794922,244.8343586921692,0.4736704747968278
17031310900,0.25,509.05861937999725,252.77620097994804,0.5034438248235258
17031320100,0.25,2213.188943505287,463.6672480106354,0.790498118395499
17031320400,0.5,257.5438382974826,80.8255122168921,0.6861679442568045
17031320600,0.5,923.6562196016312,273.0518810749054,0.7043793185383719
17031330100,0.5,3658.377463649027,1075.102892419789,0.706125761187192
17031330200,0.5,849.2298625186086,308.79719220660627,0.6363797296402306
17031340300,0.5,78.7226097881794,40.37584555894136,0.4871124614950963
17031340400,0.75,84.14364197850227,47.11238090693951,0.4400957719541522
17031340500,0.5,204.9965797662735,97.08442190289496,0.5264095527174862
17031340600,0.75,145.03454095125198,66.44728021323681,0.5418520320923371
17031351000,0.5,514.2354207634926,376.65277832746506,0.2675479690445217
17031351100,0.5,289.1868633236736,143.6242086160928,0.5033515458987471
17031351400,0.5,179.6954654827714,89.68548750597984,0.5009028899809462
17031360200,0.25,168.54633903503418,106.63196909427644,0.3673433092360919
17031380100,0.75,369.3641885519028,269.17304277420044,0.2712530041704992
17031380200,0.25,429.9888662099838,288.8550279438496,0.3282267271478884
17031380500,0.75,89.61100080609322,53.56635284423828,0.4022346323288026
17031380700,0.5,167.84863971173763,86.00616380572319,0.4875968971006871
17031381200,0.25,302.4254339337349,174.64049723744392,0.4225336970973486
17031381400,0.75,235.3043313026428,121.66634488105774,0.4829404787939352
17031381500,0.25,83.7742133140564,41.11229050159454,0.509248862206906
17031381700,0.25,8.995667457580566,4.349553108215332,0.5164835595884546
17031381800,0.5,178.3206661939621,107.26860836148262,0.3984510564535188
17031390100,0.75,257.03447246551514,185.65655708312988,0.2776978305583568
17031390200,0.5,305.03609704971313,231.7352492809296,0.2403022084197379
17031390300,0.5,348.479319408536,264.6919647529721,0.2404370933625953
17031390400,0.5,445.66340136528015,341.04138228297234,0.2347556895221831
17031390500,0.75,220.0972664356232,238.45219588279724,-0.0769753005595964
17031390600,0.5,294.046715259552,352.1360936164856,-0.1649628635347992
17031390700,0.5,920.2985444366932,973.8388519883156,-0.054978611135002
17031400300,0.5,157.10042680473998,78.24637241323944,0.5019340557839999
17031400400,0.5,225.64759266376493,121.7726480960846,0.4603414702609449
17031400500,0.75,236.3089674115181,94.3128622174263,0.6008917340272322
17031400800,0.5,273.4612218141556,118.17355737090112,0.5678599086666412
17031410100,0.75,294.705548286438,340.1232314109802,-0.1335330225345966
17031410200,0.75,69.29849481582642,90.56469869613647,-0.2348178063470693
17031410500,0.5,348.7423014640808,360.3470616340637,-0.0322043979416923
17031410600,0.5,269.3779148757458,367.1050555706024,-0.2662102828928804
17031410700,0.5,296.3976538181305,383.58950304985046,-0.227305097085487
17031410800,0.5,335.93445217609406,369.6021945476532,-0.0910918356769072
17031410900,0.75,573.2035050392151,600.664496421814,-0.0457176869053943
17031411000,0.75,521.4273500478594,469.018971315003,0.1005094549184005
17031411100,0.5,346.28176856040955,336.8392596244812,0.0272682820559208
17031411200,0.75,172.8930156007409,183.60754580795765,-0.0583556092973623
17031420100,0.75,246.89449483156204,163.52913600206375,0.3376558026794901
17031420200,0.5,151.2408561706543,133.6448699235916,0.116344132746829
17031420300,0.25,284.27685546875,241.5257134437561,0.1503855878611737
17031420400,0.75,190.97146040946245,143.514973834157,0.248500411912617
17031420500,0.5,302.0388391315937,149.71448217332363,0.504320429108472
17031420600,0.25,278.28315511345863,126.2328279018402,0.5463871039899131
17031420700,0.5,305.25743233785033,143.5783019461669,0.5296484647513562
17031420800,0.5,282.1004086136818,140.15302592515943,0.5031803512305792
17031421200,0.5,204.537572324276,98.89608047902584,0.5164894187644167
17031430101,0.5,492.1388771533966,270.20068418979645,0.4509665935097897
17031430102,0.25,445.19055342674255,276.3108673095703,0.3793424744017213
17031430200,0.5,702.8378441333771,445.8692314624786,0.3656157886428973
17031430300,0.5,262.4664141535759,133.97557631134987,0.4895515422672049
17031430400,0.5,357.6278717368841,178.3318319544196,0.501348060238373
17031430500,0.5,417.042112454772,210.80939358472824,0.4945129345718284
17031430600,0.5,289.77296340465546,206.22412011027336,0.2883251850439536
17031430700,0.75,288.642564997077,160.7642189413309,0.4430335701078636
17031430800,0.5,330.00473403930664,146.26337446272373,0.5567840113308726
17031430900,0.5,285.5353119373321,165.57603633403778,0.4201206316282955
17031431200,0.5,605.4746706113219,287.23946060985327,0.5255962395258585
17031431301,0.5,271.5339785814285,118.14572134613992,0.5648952592844289
17031431302,0.5,390.0857058763504,186.3663381934166,0.5222425857037399
17031431400,0.5,888.9454430788755,476.8117510229349,0.4636209063950084
17031440101,0.5,332.5944298505783,167.9074149876833,0.4951586679815487
17031440102,0.5,454.5031766295433,221.1432145535946,0.513439672317529
17031440201,0.5,763.9360984563828,424.59733206033707,0.4441978420468899
17031440202,0.25,772.6377959251404,436.53877222538,0.4350020481425226
17031440300,0.5,1082.096700310707,599.6002412736416,0.445890333921658
17031440600,0.25,481.9505036175251,227.28721676766872,0.5284013294692117
17031440700,0.5,313.1713733673096,170.3772041797638,0.4559617555467519
17031440800,0.5,243.3622431755066,100.69844268262386,0.5862199436993079
17031440900,0.25,477.28074872493744,207.37040708214045,0.565516925549305
17031450300,0.5,785.9999994337559,373.00000020861626,0.5254452920135749
17031460100,0.25,299.01767188310623,128.68883183598518,0.5696280055103466
17031460200,0.75,160.66804125905037,47.30005665123463,0.7056038258724323
17031460301,0.5,245.39266926050183,116.7440764605999,0.5242560553564551
17031460302,0.25,379.4407277703285,169.6449224166572,0.5529079774500604
17031460400,0.5,561.2732747197151,272.29287900030613,0.5148657681300042
17031460500,0.25,1084.0105290412905,627.4135014116764,0.421210878858744
17031460600,0.5,72.75000011920929,35.249999701976776,0.5154639224162808
17031460700,0.25,117.37964764237404,54.06849276274443,0.5393708036381453
17031461000,0.75,153.45971144735813,64.38263487070799,0.5804590386396405
17031470100,0.5,456.5790382921696,196.60315722227097,0.569399510854323
17031480100,0.5,570.3515813983977,299.4003695822321,0.475059981690316
17031480200,0.5,238.95938456058505,116.50883235037328,0.5124324890415258
17031480300,0.5,302.04061015322804,149.4911670628935,0.505062690122844
17031480400,0.5,1492.719199538231,862.2951991558075,0.4223326132453066
17031480500,0.25,580.9627004368231,295.67296285694465,0.4910637763239713
17031490300,0.5,530.1735324263573,272.11758621037006,0.4867386439209542
17031490400,0.5,209.20290338993075,94.89083856344224,0.5464172005941219
17031490500,0.25,437.3775731232017,207.3473218968138,0.5259306040403502
17031490600,0.5,318.3878967165947,146.7280621081591,0.5391531411171527
17031490700,0.5,541.5063351690769,170.7113189138472,0.6847473282827887
17031490800,0.25,825.6325164437294,344.1988182663917,0.5831089359840511
17031490901,0.25,522.9351013153791,257.66177190467715,0.507277726707271
17031490902,0.25,902.1229035258292,451.1952074468136,0.4998517323045716
17031491000,0.5,576.3818019032478,233.0895197167993,0.5955987525159131
17031491100,0.5,928.0151410698892,483.3765574246645,0.4791285874200394
17031491200,0.5,373.8908127248287,186.9174441844225,0.5000747870154607
17031491300,0.5,296.1091772913933,113.0825526714325,0.6181052079984981
17031491400,0.75,344.84024637937546,131.82757799327374,0.6177140592567498
17031500100,0.25,838.89900241125,358.9554664316893,0.5721112250700711
17031500200,0.5,239.36841369466856,88.27392140892334,0.6312215131210962
17031500300,0.25,279.5379756689072,125.49280861020088,0.5510706253420172
17031510100,0.75,305.6973475217819,45.44820323213935,0.851329415840283
17031510200,0.25,511.4861208572984,207.30317836534232,0.5947041964347285
17031510300,0.25,920.12378625758,406.59085146989673,0.5581128783512662
17031520100,0.75,131.98935985565186,26.95613925019279,0.7957703614922221
17031520200,0.75,205.39165703952312,50.58290393650532,0.7537246416646235
17031520300,0.5,427.6253183335066,99.08615695498884,0.7682874406474896
17031520400,0.5,434.4870129227638,81.4746747687459,0.8124807592736284
17031520500,0.5,658.8152646124363,117.17796485871077,0.8221383578177359
17031520600,0.75,317.1207947731018,67.95833894610405,0.7857020414106622
17031530100,0.5,218.72286227345467,96.7957660332322,0.5574501676362716
17031530200,0.25,523.9373556748033,224.9818739444017,0.5705939431353637
17031530300,0.5,835.0626290366054,348.0181235000491,0.5832430869268447
17031530400,0.5,408.1279376745224,153.6611262112856,0.6234976534886747
17031530501,0.25,710.3907707035542,288.34997826069593,0.5940966716457746
17031530502,0.25,330.4215650558472,132.07794085144997,0.600274452942784
17031530503,0.25,938.3305513262748,413.316211655736,0.5595196052483447
17031530600,0.5,415.9918492734432,178.47894893586636,0.5709556587524697
17031540101,0.25,244.11182415671647,100.5713214688003,0.5880112656721008
17031540102,0.5,232.88817908911733,80.42868046321382,0.6546467889534364
17031550100,0.75,1014.495303787291,174.68846987839788,0.8278075125372638
17031550200,0.25,486.4126160740853,63.90729208104312,0.8686150606107852
17031560100,0.5,149.80412325495854,32.31465704902075,0.7842872656180301
17031560200,0.5,302.00000128149986,120.0000008996576,0.602649005329628
17031560300,0.5,393.9999985694885,85.99999952316284,0.7817258887426232
17031560400,0.25,150.08677822351456,24.848804116249084,0.8344370875944624
17031560700,0.25,366.2550545185805,84.27108971402049,0.7699114628607935
17031560800,0.5,1090.5435845553875,158.59384667500854,0.8545735824582683
17031560900,0.75,1319.549705028534,164.96620413661003,0.8749829555431239
17031561000,0.25,1272.3399686813354,145.61026126146317,0.885557111428029
17031561100,0.5,1054.3846796154976,147.41602417826653,0.8601876269370448
17031570100,0.5,93.5041581094265,24.454933494329453,0.738461540226797
17031570200,0.5,183.03563199937344,38.3784385942854,0.7903225826847924
17031570300,0.25,372.4549013972282,96.23063726723194,0.7416314380446274
17031570400,0.5,106.78641098737717,33.85115046799183,0.6830013280248435
17031570500,0.5,170.4560978859663,42.98389518260956,0.7478301115905784
17031580100,0.5,212.97502329945564,54.70369398593903,0.7431450264051745
17031580200,0.5,197.55125683546063,46.61100110411644,0.7640561652162078
17031580300,0.5,138.74813747406006,31.71523654460907,0.7714186502104329
17031580400,0.25,243.00000220537183,70.9999998062849,0.7078189334900535
17031580501,0.5,252.9348974823952,71.65185844898224,0.7167181786215586
17031580502,0.5,371.9394579529762,119.96997491270304,0.6774475728577561
17031580600,0.5,364.8833360932768,108.13240226823837,0.7036521222756087
17031580700,0.75,359.86955884099007,110.35697848536074,0.6933417240380633
17031580800,0.5,132.94406306743622,49.93217546492815,0.6244121451320476
17031590500,0.5,221.808816537261,107.6385576799512,0.5147237185593598
17031590600,0.5,324.9235207438469,114.26179310679436,0.6483424996589504
17031590700,0.5,266.04916310310364,83.36950734257698,0.6866387160546403
17031600400,0.5,287.320883795619,83.54890934750438,0.7092139344561688
17031600600,0.75,270.57533407211304,88.6700300425291,0.6722907860518542
17031600700,0.5,246.94647432863712,83.60599897429347,0.661440807358803
17031600900,0.5,413.4024399518967,181.93417689204216,0.5599102489254492
17031610300,0.0,359.82526677660644,114.77719808695838,0.6810196262337059
17031610400,0.5,142.3925220966339,40.4894026517868,0.7156493750120607
17031610800,0.5,389.44916650652885,58.72346235066652,0.8492140505077135
17031611000,0.5,64.77852883934975,30.360542505979534,0.5313178139430512
17031611100,0.75,112.11824676394464,43.44712418317795,0.612488373327384
17031611200,0.5,116.9281857535243,41.68284626118839,0.6435175488906272
17031611300,0.5,147.20450872182846,40.18812920153141,0.726991180158247
17031611400,0.5,207.98763805627823,54.76601791381836,0.7366861875752465
17031611500,0.5,189.4920304715633,60.64039480686188,0.6799844581539695
17031611600,0.5,137.9889802262187,54.92845094203949,0.60193596001659
17031611700,0.5,115.97628869116306,48.71568278223276,0.5799513561607468
17031611800,0.25,117.73657092452048,56.07742288708687,0.5237042964072953
17031611900,0.75,138.1192559786141,77.1713942065835,0.4412698384464766
17031612000,0.5,174.91627871990204,71.42506393790245,0.5916614253366478
17031612100,0.75,159.79137390851974,54.74565747380257,0.6573929109268166
17031620100,0.75,302.956051915884,95.87619158625604,0.6835310237906186
17031620200,0.5,190.91623790562156,46.80559148266912,0.7548370322182484
17031620300,0.5,603.6644656658173,147.32963475584984,0.7559411839930792
17031620400,0.5,314.7885729074478,82.99898427724838,0.7363341892920261
17031630100,0.5,83.10448395460844,31.612330792471766,0.6196073991658696
17031630200,0.5,102.92474243417382,20.93317078286782,0.796616729002205
17031630300,0.5,229.0000023348257,47.000000674743205,0.7947598244736106
17031630400,0.75,297.6302739530802,91.33669539913537,0.6931202791100004
17031630500,0.25,294.3241053521633,84.12126231193542,0.7141883359798782
17031630800,0.5,296.78604224324226,113.0466885715723,0.619097017780504
17031630900,0.5,234.74992021918297,76.77709487080574,0.6729409117621
17031640100,0.5,144.0,19.000000417232517,0.8680555526581075
17031640300,0.5,1257.3382557034492,201.38768996298316,0.8398301419292203
17031640400,0.5,801.3153620958328,85.00347169488668,0.8939200772682544
17031640500,0.5,689.2999811917543,98.09734219312668,0.8576855580011437
17031640600,0.5,628.9835720062256,99.20052726566792,0.8422843907524408
17031640700,0.25,512.2449304461479,89.72463722527027,0.8248403607486693
17031640800,0.5,234.60176825523376,54.38053122162819,0.7682006762947107
17031650100,0.5,298.96991597115993,74.76695987954736,0.7499181158857477
17031650200,0.5,561.6791905984282,130.29390269704163,0.7680278976363305
17031650301,0.25,604.7206845581532,126.41190076619388,0.7909581993899244
17031650302,0.5,345.38445377349854,90.65320041775703,0.7375295864439603
17031650400,0.5,478.5035409349948,115.34209843399005,0.7589524662479784
17031650500,0.75,470.2205575220287,105.84133084351195,0.7749113067253476
17031660301,0.5,79.64169454574585,29.056231945753098,0.6351630623697576
17031660302,0.5,230.10554468631744,86.13793906569481,0.6256590027714497
17031660400,0.5,220.93731014430523,79.31786005944014,0.6409938185287326
17031660500,0.5,298.7350319623947,114.3796673566103,0.617120005627567
17031660600,0.5,419.7970467060805,157.6045804321766,0.624569582685695
17031660700,0.5,268.2297334969044,110.56843641400336,0.5877845644756626
17031660800,0.5,417.1995943784714,178.2980118393898,0.5726313873698472
17031660900,0.75,433.9209970831871,145.9830687791109,0.6635722406603789
17031661000,0.5,802.08887180686,288.0071749538183,0.6409285989655653
17031661100,0.25,647.2010970171541,239.2987205521204,0.6302560028791518
17031670100,0.0,141.09766733646393,59.50907063484192,0.5782419953624353
17031670200,0.5,123.26938559114932,50.68811335787177,0.5888020929544476
17031670300,0.75,170.8431137725711,67.7048464268446,0.6037016363622691
17031670400,0.25,238.20499002933505,101.7574820369482,0.5728154896149877
17031670500,0.5,150.18681395053864,59.92501685023308,0.6009968167380638
17031670600,0.5,206.90720503032207,85.11748466640711,0.5886200064713396
17031670700,0.5,174.11333894729614,91.70936241745947,0.4732777915124597
17031670800,0.5,195.8274667263031,75.81903033703566,0.6128273954388451
17031670900,0.5,147.35737673938274,70.37192270159721,0.5224404488004868
17031671100,0.25,125.29513438791037,52.726487040519714,0.5791816873169239
17031671200,0.5,123.56760293245316,50.592565432190895,0.5905677197618963
17031671300,0.25,315.6363409757614,120.40003922581673,0.6185482354357207
17031671400,0.25,236.69433283805847,90.01065945625305,0.6197177246409337
17031671500,0.5,291.3356674313545,129.85839656740427,0.5542653678063572
17031671600,0.5,220.00767804682252,107.33421347290276,0.512134238105728
17031671800,0.5,166.85200148820877,65.84801363945007,0.6053507716291706
17031671900,0.5,151.88916051387787,70.27869176864624,0.5373027836161818
17031672000,0.5,487.00420409440994,220.40059523284435,0.547435949464375
17031680500,0.75,156.03757005929947,78.70258171856403,0.4956177432867326
17031680600,0.75,139.77279283851385,61.437950897961855,0.5604441347255325
17031680900,0.0,433.96500085294247,232.5051397215575,0.4642306654578662
17031681000,0.5,343.5234604179859,168.51913944631815,0.5094392119790868
17031681100,0.25,313.1618005111813,148.95493271946907,0.5243515253893468
17031681200,0.5,196.4811350926757,89.6363620813936,0.5437915093522125
17031681300,0.5,231.87695744633675,93.72176345437764,0.5958125184730023
17031681400,0.25,348.6430971622467,153.6574810743332,0.5592699745814093
17031690300,0.5,261.7292634397745,112.77266687899828,0.5691247306591379
17031690400,0.5,426.69921166310087,187.7792973732576,0.5599258394657682
17031690500,0.5,121.0970076918602,49.54594836011529,0.5908573687783565
17031690900,0.75,646.6365248858929,317.0048785880208,0.5097634198068841
17031691000,0.25,521.3565154075623,252.19753968715668,0.5162666385975723
17031691100,0.5,347.7832578420639,129.34762655198574,0.628079777748458
17031691200,0.5,309.48201133310795,148.5299337208271,0.5200692502900973
17031691300,0.5,527.4905185699463,298.9871289730072,0.4331895674948309
17031691400,0.25,544.1703359484673,252.32108730077744,0.5363196583272187
17031691500,0.25,245.62152434140444,101.7420287206769,0.5857772278163236
17031700100,0.5,405.2020420096815,163.3081682631746,0.596971013637506
17031700200,0.25,612.4839918613434,149.99163860082626,0.7551092916812396
17031700301,0.5,584.5118623971939,151.13952511548996,0.7414260773157997
17031700302,0.25,852.7841238975525,167.51113840937614,0.8035714623253237
17031700401,0.25,933.2213750481606,354.59024369716644,0.6200363030916783
17031700402,0.5,741.0900992751122,287.58075684309006,0.6119489963172042
17031700501,0.5,1646.5436777174473,746.0328992903233,0.5469097422763023
17031700502,0.0,770.0679650306702,325.98092716932297,0.5766855109258573
17031710100,0.25,97.60595946013927,38.59148745983839,0.6046195573171068
17031710200,0.5,585.6439539790154,249.2657678574324,0.5743731901202825
17031710300,0.5,181.85114968568087,80.21689311787486,0.5588870718908013
17031710400,0.25,937.021136879921,419.5535096526146,0.5522475500930133
17031710500,0.25,714.2913515940309,298.14919286221266,0.5825944242543952
17031710600,0.5,259.3193084001541,101.0942462682724,0.6101553451921349
17031710700,0.5,596.1472994685173,251.6147569566965,0.5779319017614969
17031710800,0.5,825.6386095583439,385.15995136648417,0.5335005571353834
17031710900,0.75,317.31633222848177,133.74239382520318,0.5785202958639306
17031711000,0.5,526.4118527770042,241.523200660944,0.5411896609340657
17031711100,0.5,483.2471549510956,215.87131579220292,0.5532900430338819
17031711200,0.25,1113.6098001003263,505.3356297016144,0.5462184064327666
17031711300,0.5,289.1309471651912,121.79731171578167,0.5787468864542045
17031711400,0.25,431.3281226158142,200.46078169345856,0.5352475964753872
17031711500,0.5,473.836954832077,230.703758507967,0.5131157328374144
17031720100,0.5,1171.247605741024,356.49713358283043,0.6956261580938028
17031720200,0.5,1122.3826747238636,405.2087383270264,0.638974524952714
17031720300,0.5,1397.8671922683716,357.7614536881447,0.7440662062412441
17031720400,0.25,651.0230315923691,71.70641267299652,0.8898557974245453
17031720500,0.25,805.0991661548615,53.63705621659756,0.9333783234768864
17031720600,0.5,659.5709226131439,110.56680279970168,0.8323655591704243
17031720700,0.25,787.251994073391,319.68317353725433,0.5939252285876686
17031730100,0.5,627.4579739570618,274.9235816001892,0.5618454254929864
17031730201,0.5,1066.24481010437,479.1589368581772,0.5506107675110049
17031730202,0.5,619.0304144769907,297.3106682598591,0.5197155724391146
17031730300,0.5,271.1558910608292,121.94509562849998,0.5502767977807139
17031730400,0.25,769.7961371839046,386.8654456436634,0.4974442882255707
17031730500,0.5,900.3775822818279,380.7974489014596,0.5770691581009778
17031730600,0.5,709.1112803220749,345.6718813031912,0.5125280179632896
17031730700,0.25,447.4766814298928,205.3290147595108,0.54114030232058
17031740100,0.5,1018.5613713264464,65.27267757058144,0.9359167946006252
17031740200,0.5,1593.177972316742,108.67576491832732,0.931786801721659
17031740300,0.5,1524.8220506310463,84.32423570379615,0.9446989662374712
17031740400,0.25,1396.921719133854,123.7055831812322,0.9114441550397436
17031750100,0.0,821.948987275362,397.476062849164,0.5164224678142889
17031750200,0.5,890.2993966639042,273.6750043034553,0.6926034036089883
17031750300,0.5,923.8182564377784,64.442461585626,0.9302433556204932
17031750400,0.5,997.5764141082764,203.23580895364285,0.7962704349467672
17031750500,0.5,1316.7185674905777,515.5336771309376,0.6084708685216997
17031750600,0.5,646.3884733468294,283.4251900538802,0.5615249934975184
17031760801,0.25,172.2456760406494,63.189488142728806,0.633143254476726
17031760802,0.5,529.01192009449,59.34028376638889,0.8878280781351964
17031760803,0.25,408.07672023773193,80.630739569664,0.8024127925682916
17031830500,0.5,195.91283060610291,71.82396529382095,0.6333881498643227
17031830600,0.5,588.729914188385,389.1963448524475,0.3389220838404512
17031830700,0.5,791.4020847082138,339.8861199617386,0.5705266304838545
17031830800,0.5,567.2292976379395,228.9543890953064,0.5963636045445466
17031830900,0.75,440.7400843054056,158.79267990030348,0.6397135510137308
17031831000,0.25,495.0675667524338,84.35596480965614,0.8296071678396988
17031831100,0.5,912.9576771147548,364.2635016739368,0.6010072418415618
17031831200,0.5,212.7589738368988,81.90331761538982,0.6150417717366086
17031831300,0.5,115.96583707630634,52.7809891179204,0.5448574300102699
17031831400,0.75,271.57185658439994,109.42561251018196,0.5970657126020187
17031831500,0.75,391.9498456120491,101.17325553297997,0.7418719342139479
17031831600,0.5,809.243195682764,230.5385035984218,0.7151183910741259
17031831700,0.25,340.93250155448914,92.4970498085022,0.7286939514808359
17031831800,0.25,755.2046301439404,331.79998116753995,0.560648905046703
17031831900,0.25,654.9725519120693,170.51197112351656,0.7396654705212624
17031832000,0.5,296.1952319741249,64.7572087533772,0.7813698474422631
17031832100,0.5,467.4646042585373,166.1549696624279,0.6445613889291738
17031832200,0.5,540.4192722141743,124.98811496049166,0.7687201005093737
17031832300,0.75,330.64994701743126,64.42382482625544,0.8051600328160369
17031832400,0.25,428.3563671708107,139.94043695926666,0.673308376659511
17031832500,0.75,514.3140330910683,91.68264247011392,0.8217380110764352
17031832600,0.5,857.249151468277,123.33257585763933,0.8561298361784342
17031832900,0.25,276.46433802880347,110.7192711394746,0.5995169867878609
17031833000,0.75,669.8548878589645,120.95651712082326,0.8194287758242197
17031833100,0.5,1280.649190612137,230.98109718039632,0.8196374941134428
17031833300,0.5,302.6661669909954,91.2697892934084,0.6984473348944755
17031833900,0.5,171.57725819945335,51.908514350652695,0.6974627354733072
17031834000,0.5,502.8982870280743,183.88204138726,0.6343554032090096
17031834200,0.25,697.1225132495165,399.37140495330095,0.4271144635801532
17031834300,0.25,1405.6755043998128,749.6056965846219,0.4667292029786887
17031834400,0.5,550.9847087264061,341.2952002286911,0.3805722829993042
17031834500,0.75,158.3947974294424,63.147137612104416,0.6013307341092844
17031834600,0.5,300.8948623165488,140.2778427451849,0.533797813411619
17031834700,0.5,164.31116131786257,75.35824158089235,0.5413686996277104
17031834800,0.75,218.5662052333355,103.90231712162496,0.5246185611782865
17031834900,0.75,227.4637194275856,109.03736094385386,0.5206384507461352
17031835000,0.75,392.53596879541874,179.75783303380013,0.5420602254987593
17031835100,0.5,392.8874434158206,132.2241180948913,0.6634554748166152
17031835200,0.5,183.492732450366,40.92815607227385,0.7769494435789454
17031835500,0.5,258.3253407566808,131.9102195475716,0.4893639967291511
17031835600,0.5,110.82120261507224,55.57414347857412,0.4985242700207284
17031835700,0.75,47.3521900177002,22.895564317703247,0.5164835183093979
17031835800,0.5,229.45012629032132,131.1013417840004,0.4286281559151597
17031835900,0.5,398.3080299198628,243.0746538639069,0.3897319772518469
17031836000,0.5,390.3149874806404,230.68692883849144,0.408972403730888
17031836100,0.5,201.1685092300177,110.00821395218372,0.4531539037931654
17031836200,0.75,131.76529741287231,146.35547176748514,-0.099689982058151
17031836300,0.25,199.33591949939728,247.18213784694672,-0.1935666499380123
17031836400,0.5,637.1280010938644,414.8805760741234,0.3488269619890691
17031836500,0.75,174.66676557064056,119.47671225667,0.3159734087573175
17031836600,0.5,266.76488146185875,160.41270798444748,0.3986738167880512
17031836700,0.5,281.71969071030617,129.29141705483198,0.5410636128101425
17031836800,0.75,339.2606362104416,143.49468114972117,0.5770370451680927
17031836900,0.75,146.20431971549988,68.70243310928345,0.530093001061993
17031837000,0.5,154.41669529676437,83.53121954202652,0.4590531847512163
17031837100,0.5,185.19881477952003,102.51991660892963,0.4464331927232902
17031837300,0.5,241.3759281933308,105.86064773797987,0.5614283142054228
17031837400,0.75,142.14264480024576,74.47783599421382,0.4760345419287917
17031837800,0.75,314.75285795331,167.1713519692421,0.4688805907711883
17031838000,0.5,335.37773364782333,180.44615358114245,0.4619614378734306
17031838100,0.25,234.14158722758293,115.14614844322205,0.5082200056528133
17031838200,0.5,181.1238826091867,79.84422389240353,0.5591734080442367
17031838300,0.25,234.95008720457557,83.83790980279446,0.6431671475405958
17031838600,0.25,112.70137672126292,48.470283046364784,0.5699228842053703
17031838700,0.25,445.397957265377,165.39534524083138,0.6286571535794325
17031838800,0.5,300.2563332072459,78.8921917694388,0.7372505321478596
17031839000,0.25,1440.568136096001,466.0445067882538,0.6764856204224718
17031839100,0.75,748.5775358974934,188.94422949384895,0.7475956458307051
17031839200,0.75,390.8804860115051,233.741339802742,0.4020132798446681
17031839500,0.25,286.2073645591736,153.51969122886658,0.4636067752298307
17031839600,0.5,301.42220697551966,191.0974107272923,0.3660141611835106
17031839700,0.5,623.5953231453896,233.79025000333783,0.6250930029043366
17031839800,0.5,400.06777822971344,129.7081052660942,0.6757846736869232
17031839900,0.5,856.2586289644241,258.6452019736171,0.6979356549242282
17031840000,0.5,405.4849853515625,117.72808682918549,0.7096610452120362
17031840100,0.5,196.9439934194088,77.6537616699934,0.6057063720413997
17031840200,0.5,240.4467624761164,93.1369204055518,0.612650553301573
17031840300,0.75,390.1215438842773,129.63031223416328,0.667718139984046
17031840400,0.5,311.4030598551035,86.23367310129106,0.7230801998496232
17031840700,0.75,126.02418549358843,78.87217925488949,0.3741504541689567
17031840800,0.25,111.4836855828762,30.692875548265874,0.7246872904515791
17031841000,0.5,228.10147958049487,104.32600457368244,0.5426333719292393
17031841100,0.75,465.5227759853005,192.616093788296,0.5862370141168387
17031841200,0.75,542.4656106829643,261.4276739060879,0.5180751207860893
17031841300,0.5,622.1220481544733,244.571424279362,0.6068754917063561
17031841400,0.5,125.01408250629902,44.12776032090187,0.6470176844382438
17031841500,0.5,256.6170019209385,121.47836753726006,0.526616059622244
17031841600,0.75,109.25398063659668,47.5905876159668,0.5644040854285777
17031841700,0.75,169.3082546144724,59.769416799768806,0.6469787197566459
17031841800,0.75,330.8196218064986,158.83646822877927,0.5198698693825208
17031841900,0.5,512.8475790023804,137.98757634684443,0.7309384269391199
17031842000,0.5,221.71089811623096,148.2464434504509,0.3313524742805681
17031842100,0.5,537.6923340260983,199.155585244298,0.629610517685693
17031842200,0.5,393.510513741523,118.23396152281202,0.6995405271421188
17031842300,0.5,651.8028568699956,160.13915643654764,0.7543135094474004
17031842500,0.5,149.0748595148325,60.15990980342031,0.5964449673190229
17031842600,0.5,593.0446052104235,162.75980491563678,0.7255521701308006
17031842800,0.5,509.85370549559593,154.0007728897035,0.697951056882073
17031842900,0.5,344.7634812509641,130.97954992263112,0.6200886780485692
17031843000,0.5,286.28827798366547,132.5265505760908,0.5370870525699544
17031843100,0.25,171.02492275834084,87.58802843163721,0.4878639497741532
17031843200,0.25,287.07719135284424,128.84471736848354,0.5511844157269828
17031843300,0.5,130.0242744833231,58.92725606635213,0.5467980398236321
17031843400,0.25,162.73075479269028,65.2948647737503,0.5987552269579758
17031843500,0.5,201.44053199980408,104.08785766700748,0.4832824524753106
17031843600,0.25,407.133544832468,322.2487054467201,0.2084938479355153
17031843700,0.5,462.3088734000921,114.73348751664162,0.7518250370735394
17031843800,0.5,143.7989499308169,52.81214282661677,0.6327362414536044
17031843900,0.5,615.7001727893949,482.8392629567534,0.2157883263711339
