id,geoid10,Yes
1,17031010100,1
2,17031010100,1
3,17031010100,0
4,17031010100,1
5,17031010201,1
6,17031010201,1
7,17031010201,1
8,17031010201,1
9,17031010202,1
10,17031010202,1
11,17031010202,1
12,17031010202,1
13,17031010300,1
14,17031010300,1
15,17031010300,1
16,17031010300,1
17,17031010400,1
18,17031010400,1
19,17031010400,1
20,17031010400,1
21,17031010501,1
22,17031010501,0
23,17031010501,0
24,17031010501,1
25,17031010502,1
26,17031010502,1
27,17031010502,1
28,17031010502,1
29,17031010600,1
30,17031010600,1
31,17031010600,1
32,17031010600,1
33,17031010701,1
34,17031010701,1
35,17031010701,1
36,17031010701,1
37,17031010702,1
38,17031010702,1
39,17031010702,1
40,17031010702,1
41,17031020100,1
42,17031020100,1
43,17031020100,1
44,17031020100,1
45,17031020200,1
46,17031020200,1
47,17031020200,1
48,17031020200,1
49,17031020301,1
50,17031020301,1
51,17031020301,1
52,17031020301,1
53,17031020302,1
54,17031020302,1
55,17031020302,1
56,17031020302,1
57,17031020400,1
58,17031020400,0
59,17031020400,1
60,17031020400,1
61,17031020500,1
62,17031020500,1
63,17031020500,1
64,17031020500,1
65,17031020601,1
66,17031020601,1
67,17031020601,1
68,17031020601,1
69,17031020602,1
70,17031020602,1
71,17031020602,1
72,17031020602,1
73,17031020701,1
74,17031020701,1
75,17031020701,1
76,17031020701,1
77,17031020702,1
78,17031020702,1
79,17031020702,1
80,17031020702,1
81,17031020801,1
82,17031020801,1
83,17031020801,1
84,17031020801,1
85,17031020802,1
86,17031020802,1
87,17031020802,1
88,17031020802,1
89,17031020901,1
90,17031020901,1
91,17031020901,1
92,17031020901,0
93,17031020902,0
94,17031020902,1
95,17031020902,0
96,17031020902,0
97,17031030101,1
98,17031030101,0
99,17031030101,1
100,17031030101,0
101,17031030102,1
102,17031030102,1
103,17031030102,1
104,17031030102,1
105,17031030104,1
106,17031030104,1
107,17031030104,1
108,17031030104,1
109,17031030200,1
110,17031030200,1
111,17031030200,0
112,17031030200,1
113,17031030300,1
114,17031030300,1
115,17031030300,1
116,17031030300,1
117,17031030400,1
118,17031030400,1
119,17031030400,1
120,17031030400,1
121,17031030500,1
122,17031030500,1
123,17031030500,0
124,17031030500,1
125,17031030601,1
126,17031030601,1
127,17031030601,1
128,17031030601,1
129,17031030603,1
130,17031030603,1
131,17031030603,1
132,17031030603,1
133,17031030604,1
134,17031030604,1
135,17031030604,1
136,17031030604,1
137,17031030701,1
138,17031030701,1
139,17031030701,1
140,17031030701,1
141,17031030703,1
142,17031030703,1
143,17031030703,1
144,17031030703,1
145,17031030800,1
146,17031030800,1
147,17031030800,1
148,17031030800,1
149,17031030900,1
150,17031030900,1
151,17031030900,1
152,17031030900,1
153,17031031000,1
154,17031031000,1
155,17031031000,1
156,17031031000,1
157,17031031100,1
158,17031031100,1
159,17031031100,1
160,17031031100,1
161,17031031200,1
162,17031031200,1
163,17031031200,1
164,17031031200,1
165,17031031300,1
166,17031031300,1
167,17031031300,1
168,17031031300,1
169,17031031400,1
170,17031031400,1
171,17031031400,1
172,17031031400,1
173,17031031501,1
174,17031031501,1
175,17031031501,1
176,17031031501,1
177,17031031502,1
178,17031031502,1
179,17031031502,1
180,17031031502,1
181,17031031700,1
182,17031031700,1
183,17031031700,1
184,17031031700,1
185,17031031800,1
186,17031031800,1
187,17031031800,1
188,17031031800,1
189,17031031900,1
190,17031031900,1
191,17031031900,1
192,17031031900,1
193,17031032100,1
194,17031032100,1
195,17031032100,1
196,17031032100,1
197,17031040100,1
198,17031040100,1
199,17031040100,1
200,17031040100,1
201,17031040201,1
202,17031040201,1
203,17031040201,1
204,17031040201,1
205,17031040202,1
206,17031040202,1
207,17031040202,1
208,17031040202,1
209,17031040300,1
210,17031040300,1
211,17031040300,1
212,17031040300,1
213,17031040401,1
214,17031040401,1
215,17031040401,1
216,17031040401,1
217,17031040402,1
218,17031040402,1
219,17031040402,1
220,17031040402,1
221,17031040600,1
222,17031040600,1
223,17031040600,1
224,17031040600,1
225,17031040700,1
226,17031040700,1
227,17031040700,1
228,17031040700,1
229,17031040800,1
230,17031040800,1
231,17031040800,0
232,17031040800,1
233,17031040900,0
234,17031040900,1
235,17031040900,1
236,17031040900,1
237,17031050100,1
238,17031050100,1
239,17031050100,1
240,17031050100,1
241,17031050200,1
242,17031050200,1
243,17031050200,1
244,17031050200,1
245,17031050300,1
246,17031050300,1
247,17031050300,1
248,17031050300,1
249,17031050500,1
250,17031050500,1
251,17031050500,1
252,17031050500,1
253,17031050600,1
254,17031050600,1
255,17031050600,1
256,17031050600,1
257,17031050700,1
258,17031050700,1
259,17031050700,1
260,17031050700,1
261,17031050800,1
262,17031050800,1
263,17031050800,1
264,17031050800,1
265,17031050900,1
266,17031050900,1
267,17031050900,1
268,17031050900,1
269,17031051000,1
270,17031051000,1
271,17031051000,1
272,17031051000,1
273,17031051100,1
274,17031051100,1
275,17031051100,1
276,17031051100,1
277,17031051200,1
278,17031051200,1
279,17031051200,1
280,17031051200,1
281,17031051300,1
282,17031051300,1
283,17031051300,1
284,17031051300,1
285,17031051400,1
286,17031051400,1
287,17031051400,1
288,17031051400,1
289,17031060100,1
290,17031060100,1
291,17031060100,1
292,17031060100,1
293,17031060300,1
294,17031060300,1
295,17031060300,1
296,17031060300,1
297,17031060400,1
298,17031060400,1
299,17031060400,1
300,17031060400,1
301,17031060500,1
302,17031060500,1
303,17031060500,1
304,17031060500,1
305,17031060800,1
306,17031060800,1
307,17031060800,1
308,17031060800,0
309,17031060900,1
310,17031060900,1
311,17031060900,1
312,17031060900,1
313,17031061000,1
314,17031061000,1
315,17031061000,1
316,17031061000,1
317,17031061100,1
318,17031061100,1
319,17031061100,1
320,17031061100,1
321,17031061200,1
322,17031061200,1
323,17031061200,1
324,17031061200,1
325,17031061500,1
326,17031061500,1
327,17031061500,1
328,17031061500,1
329,17031061800,0
330,17031061800,1
331,17031061800,1
332,17031061800,1
333,17031061901,1
334,17031061901,1
335,17031061901,1
336,17031061901,1
337,17031061902,1
338,17031061902,1
339,17031061902,1
340,17031061902,1
341,17031062000,1
342,17031062000,1
343,17031062000,1
344,17031062000,1
345,17031062100,1
346,17031062100,1
347,17031062100,1
348,17031062100,1
349,17031062200,1
350,17031062200,1
351,17031062200,1
352,17031062200,1
353,17031062300,1
354,17031062300,1
355,17031062300,1
356,17031062300,1
357,17031062400,1
358,17031062400,1
359,17031062400,1
360,17031062400,1
361,17031062500,1
362,17031062500,1
363,17031062500,1
364,17031062500,1
365,17031062600,0
366,17031062600,1
367,17031062600,0
368,17031062600,0
369,17031062700,1
370,17031062700,1
371,17031062700,1
372,17031062700,1
373,17031062800,1
374,17031062800,1
375,17031062800,1
376,17031062800,1
377,17031062900,1
378,17031062900,0
379,17031062900,1
380,17031062900,1
381,17031063000,0
382,17031063000,1
383,17031063000,1
384,17031063000,1
385,17031063100,1
386,17031063100,1
387,17031063100,1
388,17031063100,1
389,17031063200,1
390,17031063200,0
391,17031063200,1
392,17031063200,1
393,17031063301,1
394,17031063301,1
395,17031063301,1
396,17031063301,1
397,17031063302,1
398,17031063302,1
399,17031063302,1
400,17031063302,1
401,17031063400,1
402,17031063400,1
403,17031063400,1
404,17031063400,0
405,17031070101,1
406,17031070101,1
407,17031070101,1
408,17031070101,1
409,17031070102,1
410,17031070102,1
411,17031070102,1
412,17031070102,1
413,17031070103,1
414,17031070103,1
415,17031070103,1
416,17031070103,1
417,17031070200,1
418,17031070200,1
419,17031070200,1
420,17031070200,1
421,17031070300,1
422,17031070300,1
423,17031070300,1
424,17031070300,1
425,17031070400,1
426,17031070400,1
427,17031070400,1
428,17031070400,1
429,17031070500,1
430,17031070500,1
431,17031070500,1
432,17031070500,1
433,17031070600,1
434,17031070600,1
435,17031070600,1
436,17031070600,1
437,17031070700,0
438,17031070700,1
439,17031070700,1
440,17031070700,1
441,17031071000,1
442,17031071000,0
443,17031071000,1
444,17031071000,1
445,17031071100,1
446,17031071100,1
447,17031071100,1
448,17031071100,1
449,17031071200,1
450,17031071200,1
451,17031071200,1
452,17031071200,1
453,17031071300,1
454,17031071300,1
455,17031071300,1
456,17031071300,1
457,17031071400,1
458,17031071400,0
459,17031071400,1
460,17031071400,0
461,17031071500,1
462,17031071500,1
463,17031071500,1
464,17031071500,1
465,17031071600,1
466,17031071600,1
467,17031071600,1
468,17031071600,1
469,17031071700,1
470,17031071700,1
471,17031071700,1
472,17031071700,1
473,17031071800,1
474,17031071800,1
475,17031071800,1
476,17031071800,1
477,17031080100,1
478,17031080100,1
479,17031080100,1
480,17031080100,1
481,17031080201,1
482,17031080201,1
483,17031080201,1
484,17031080201,1
485,17031080202,1
486,17031080202,1
487,17031080202,0
488,17031080202,1
489,17031080300,1
490,17031080300,1
491,17031080300,1
492,17031080300,1
493,17031080400,1
494,17031080400,1
495,17031080400,1
496,17031080400,1
497,17031081000,1
498,17031081000,1
499,17031081000,1
500,17031081000,1
501,17031081100,1
502,17031081100,1
503,17031081100,1
504,17031081100,0
505,17031081201,1
506,17031081201,1
507,17031081201,0
508,17031081201,1
509,17031081202,1
510,17031081202,1
511,17031081202,1
512,17031081202,1
513,17031081300,1
514,17031081300,1
515,17031081300,1
516,17031081300,1
517,17031081401,1
518,17031081401,1
519,17031081401,1
520,17031081401,1
521,17031081402,1
522,17031081402,0
523,17031081402,0
524,17031081402,1
525,17031081403,1
526,17031081403,1
527,17031081403,1
528,17031081403,1
529,17031081500,1
530,17031081500,0
531,17031081500,1
532,17031081500,1
533,17031081600,0
534,17031081600,0
535,17031081600,0
536,17031081600,0
537,17031081700,0
538,17031081700,1
539,17031081700,1
540,17031081700,1
541,17031081800,1
542,17031081800,0
543,17031081800,1
544,17031081800,1
545,17031081900,1
546,17031081900,1
547,17031081900,1
548,17031081900,1
549,17031090100,1
550,17031090100,1
551,17031090100,1
552,17031090100,1
553,17031090200,1
554,17031090200,1
555,17031090200,1
556,17031090200,1
557,17031090300,1
558,17031090300,1
559,17031090300,1
560,17031090300,1
561,17031100100,1
562,17031100100,1
563,17031100100,1
564,17031100100,1
565,17031100200,1
566,17031100200,1
567,17031100200,1
568,17031100200,1
569,17031100300,1
570,17031100300,1
571,17031100300,1
572,17031100300,1
573,17031100400,1
574,17031100400,1
575,17031100400,1
576,17031100400,1
577,17031100500,1
578,17031100500,1
579,17031100500,1
580,17031100500,1
581,17031100600,1
582,17031100600,1
583,17031100600,1
584,17031100600,1
585,17031100700,1
586,17031100700,1
587,17031100700,1
588,17031100700,1
589,17031110100,1
590,17031110100,1
591,17031110100,1
592,17031110100,1
593,17031110200,1
594,17031110200,1
595,17031110200,1
596,17031110200,0
597,17031110300,1
598,17031110300,1
599,17031110300,1
600,17031110300,0
601,17031110400,1
602,17031110400,1
603,17031110400,1
604,17031110400,0
605,17031110501,1
606,17031110501,1
607,17031110501,1
608,17031110501,1
609,17031110502,0
610,17031110502,1
611,17031110502,1
612,17031110502,1
613,17031120100,1
614,17031120100,0
615,17031120100,1
616,17031120100,1
617,17031120200,1
618,17031120200,1
619,17031120200,1
620,17031120200,1
621,17031120300,1
622,17031120300,1
623,17031120300,1
624,17031120300,1
625,17031120400,0
626,17031120400,1
627,17031120400,1
628,17031120400,1
629,17031130100,1
630,17031130100,0
631,17031130100,1
632,17031130100,1
633,17031130200,1
634,17031130200,1
635,17031130200,1
636,17031130200,1
637,17031130300,1
638,17031130300,1
639,17031130300,1
640,17031130300,1
641,17031140100,1
642,17031140100,1
643,17031140100,1
644,17031140100,1
645,17031140200,1
646,17031140200,1
647,17031140200,1
648,17031140200,1
649,17031140301,1
650,17031140301,1
651,17031140301,1
652,17031140301,1
653,17031140302,1
654,17031140302,1
655,17031140302,1
656,17031140302,1
657,17031140400,1
658,17031140400,1
659,17031140400,1
660,17031140400,1
661,17031140500,1
662,17031140500,1
663,17031140500,1
664,17031140500,1
665,17031140601,1
666,17031140601,1
667,17031140601,1
668,17031140601,1
669,17031140602,1
670,17031140602,1
671,17031140602,1
672,17031140602,1
673,17031140701,1
674,17031140701,1
675,17031140701,1
676,17031140701,1
677,17031140702,1
678,17031140702,1
679,17031140702,1
680,17031140702,1
681,17031140800,1
682,17031140800,1
683,17031140800,1
684,17031140800,0
685,17031150200,1
686,17031150200,1
687,17031150200,0
688,17031150200,1
689,17031150300,1
690,17031150300,1
691,17031150300,1
692,17031150300,1
693,17031150401,1
694,17031150401,1
695,17031150401,1
696,17031150401,1
697,17031150402,1
698,17031150402,1
699,17031150402,1
700,17031150402,1
701,17031150501,1
702,17031150501,1
703,17031150501,1
704,17031150501,1
705,17031150502,1
706,17031150502,1
707,17031150502,1
708,17031150502,1
709,17031150600,1
710,17031150600,1
711,17031150600,1
712,17031150600,1
713,17031150700,1
714,17031150700,1
715,17031150700,1
716,17031150700,1
717,17031150800,1
718,17031150800,1
719,17031150800,1
720,17031150800,1
721,17031151001,1
722,17031151001,1
723,17031151001,1
724,17031151001,1
725,17031151002,1
726,17031151002,1
727,17031151002,1
728,17031151002,1
729,17031151100,1
730,17031151100,1
731,17031151100,1
732,17031151100,1
733,17031151200,1
734,17031151200,1
735,17031151200,1
736,17031151200,1
737,17031160100,1
738,17031160100,1
739,17031160100,0
740,17031160100,1
741,17031160200,1
742,17031160200,1
743,17031160200,1
744,17031160200,1
745,17031160300,1
746,17031160300,1
747,17031160300,0
748,17031160300,1
749,17031160400,1
750,17031160400,1
751,17031160400,1
752,17031160400,1
753,17031160501,1
754,17031160501,1
755,17031160501,1
756,17031160501,1
757,17031160502,1
758,17031160502,1
759,17031160502,1
760,17031160502,1
761,17031160601,1
762,17031160601,0
763,17031160601,1
764,17031160601,1
765,17031160602,1
766,17031160602,1
767,17031160602,1
768,17031160602,1
769,17031160700,1
770,17031160700,1
771,17031160700,1
772,17031160700,1
773,17031160800,1
774,17031160800,1
775,17031160800,1
776,17031160800,1
777,17031160900,1
778,17031160900,1
779,17031160900,0
780,17031160900,1
781,17031161000,1
782,17031161000,1
783,17031161000,1
784,17031161000,1
785,17031161100,0
786,17031161100,1
787,17031161100,1
788,17031161100,1
789,17031161200,1
790,17031161200,1
791,17031161200,1
792,17031161200,1
793,17031161300,1
794,17031161300,1
795,17031161300,1
796,17031161300,1
797,17031170100,1
798,17031170100,0
799,17031170100,1
800,17031170100,1
801,17031170200,1
802,17031170200,1
803,17031170200,1
804,17031170200,1
805,17031170300,1
806,17031170300,0
807,17031170300,1
808,17031170300,0
809,17031170400,1
810,17031170400,0
811,17031170400,1
812,17031170400,1
813,17031170500,1
814,17031170500,1
815,17031170500,1
816,17031170500,1
817,17031170600,1
818,17031170600,1
819,17031170600,0
820,17031170600,0
821,17031170700,1
822,17031170700,1
823,17031170700,1
824,17031170700,1
825,17031170800,1
826,17031170800,1
827,17031170800,1
828,17031170800,1
829,17031170900,1
830,17031170900,1
831,17031170900,1
832,17031170900,0
833,17031171000,1
834,17031171000,1
835,17031171000,1
836,17031171000,1
837,17031171100,1
838,17031171100,1
839,17031171100,1
840,17031171100,1
841,17031180100,1
842,17031180100,1
843,17031180100,1
844,17031180100,1
845,17031190100,1
846,17031190100,1
847,17031190100,1
848,17031190100,1
849,17031190200,1
850,17031190200,1
851,17031190200,1
852,17031190200,1
853,17031190300,1
854,17031190300,1
855,17031190300,1
856,17031190300,1
857,17031190401,1
858,17031190401,1
859,17031190401,1
860,17031190401,1
861,17031190402,1
862,17031190402,1
863,17031190402,1
864,17031190402,1
865,17031190601,1
866,17031190601,1
867,17031190601,1
868,17031190601,1
869,17031190602,1
870,17031190602,0
871,17031190602,1
872,17031190602,1
873,17031190701,0
874,17031190701,1
875,17031190701,1
876,17031190701,0
877,17031190702,1
878,17031190702,1
879,17031190702,1
880,17031190702,1
881,17031190800,1
882,17031190800,1
883,17031190800,1
884,17031190800,1
885,17031190900,1
886,17031190900,1
887,17031190900,1
888,17031190900,1
889,17031191000,1
890,17031191000,1
891,17031191000,0
892,17031191000,0
893,17031191100,1
894,17031191100,1
895,17031191100,1
896,17031191100,0
897,17031191200,1
898,17031191200,1
899,17031191200,0
900,17031191200,1
901,17031191301,1
902,17031191301,1
903,17031191301,1
904,17031191301,1
905,17031191302,1
906,17031191302,1
907,17031191302,1
908,17031191302,1
909,17031200100,1
910,17031200100,1
911,17031200100,1
912,17031200100,0
913,17031200200,1
914,17031200200,0
915,17031200200,1
916,17031200200,1
917,17031200300,1
918,17031200300,1
919,17031200300,1
920,17031200300,1
921,17031200401,1
922,17031200401,1
923,17031200401,0
924,17031200401,1
925,17031200402,0
926,17031200402,1
927,17031200402,1
928,17031200402,0
929,17031210100,1
930,17031210100,1
931,17031210100,1
932,17031210100,1
933,17031210400,1
934,17031210400,1
935,17031210400,1
936,17031210400,1
937,17031210501,1
938,17031210501,1
939,17031210501,1
940,17031210501,1
941,17031210502,1
942,17031210502,1
943,17031210502,1
944,17031210502,1
945,17031210601,1
946,17031210601,0
947,17031210601,1
948,17031210601,1
949,17031210602,1
950,17031210602,1
951,17031210602,1
952,17031210602,1
953,17031210700,1
954,17031210700,1
955,17031210700,1
956,17031210700,1
957,17031210800,1
958,17031210800,1
959,17031210800,1
960,17031210800,0
961,17031210900,1
962,17031210900,1
963,17031210900,1
964,17031210900,1
965,17031220300,1
966,17031220300,1
967,17031220300,1
968,17031220300,1
969,17031220400,1
970,17031220400,1
971,17031220400,1
972,17031220400,1
973,17031220500,1
974,17031220500,1
975,17031220500,1
976,17031220500,1
977,17031220601,1
978,17031220601,1
979,17031220601,1
980,17031220601,1
981,17031220602,1
982,17031220602,1
983,17031220602,1
984,17031220602,1
985,17031220701,1
986,17031220701,1
987,17031220701,1
988,17031220701,1
989,17031220702,1
990,17031220702,1
991,17031220702,1
992,17031220702,0
993,17031220901,1
994,17031220901,1
995,17031220901,1
996,17031220901,1
997,17031220902,1
998,17031220902,1
999,17031220902,1
1000,17031220902,1
1001,17031221000,1
1002,17031221000,1
1003,17031221000,1
1004,17031221000,1
1005,17031221100,1
1006,17031221100,1
1007,17031221100,1
1008,17031221100,1
1009,17031221200,1
1010,17031221200,1
1011,17031221200,1
1012,17031221200,1
1013,17031221300,1
1014,17031221300,1
1015,17031221300,0
1016,17031221300,1
1017,17031221400,1
1018,17031221400,1
1019,17031221400,1
1020,17031221400,1
1021,17031221500,1
1022,17031221500,0
1023,17031221500,1
1024,17031221500,1
1025,17031221600,1
1026,17031221600,1
1027,17031221600,1
1028,17031221600,1
1029,17031222200,1
1030,17031222200,1
1031,17031222200,1
1032,17031222200,1
1033,17031222500,1
1034,17031222500,0
1035,17031222500,0
1036,17031222500,1
1037,17031222600,1
1038,17031222600,1
1039,17031222600,1
1040,17031222600,1
1041,17031222700,1
1042,17031222700,1
1043,17031222700,1
1044,17031222700,1
1045,17031222800,1
1046,17031222800,1
1047,17031222800,1
1048,17031222800,1
1049,17031222900,1
1050,17031222900,1
1051,17031222900,1
1052,17031222900,1
1053,17031230100,1
1054,17031230100,1
1055,17031230100,1
1056,17031230100,1
1057,17031230200,1
1058,17031230200,1
1059,17031230200,1
1060,17031230200,1
1061,17031230300,1
1062,17031230300,1
1063,17031230300,1
1064,17031230300,1
1065,17031230400,1
1066,17031230400,1
1067,17031230400,1
1068,17031230400,1
1069,17031230500,1
1070,17031230500,1
1071,17031230500,1
1072,17031230500,1
1073,17031230600,1
1074,17031230600,1
1075,17031230600,0
1076,17031230600,1
1077,17031230700,1
1078,17031230700,1
1079,17031230700,0
1080,17031230700,1
1081,17031230800,1
1082,17031230800,1
1083,17031230800,1
1084,17031230800,1
1085,17031230900,1
1086,17031230900,1
1087,17031230900,1
1088,17031230900,1
1089,17031231100,1
1090,17031231100,1
1091,17031231100,1
1092,17031231100,1
1093,17031231200,1
1094,17031231200,1
1095,17031231200,0
1096,17031231200,1
1097,17031231500,1
1098,17031231500,1
1099,17031231500,1
1100,17031231500,1
1101,17031240200,1
1102,17031240200,1
1103,17031240200,1
1104,17031240200,1
1105,17031240300,1
1106,17031240300,1
1107,17031240300,1
1108,17031240300,1
1109,17031240500,1
1110,17031240500,1
1111,17031240500,1
1112,17031240500,1
1113,17031240600,1
1114,17031240600,1
1115,17031240600,1
1116,17031240600,1
1117,17031240700,1
1118,17031240700,1
1119,17031240700,1
1120,17031240700,1
1121,17031240800,1
1122,17031240800,1
1123,17031240800,1
1124,17031240800,1
1125,17031240900,1
1126,17031240900,1
1127,17031240900,1
1128,17031240900,1
1129,17031241000,1
1130,17031241000,1
1131,17031241000,1
1132,17031241000,1
1133,17031241100,1
1134,17031241100,1
1135,17031241100,1
1136,17031241100,0
1137,17031241200,1
1138,17031241200,1
1139,17031241200,1
1140,17031241200,1
1141,17031241300,1
1142,17031241300,0
1143,17031241300,1
1144,17031241300,1
1145,17031241400,1
1146,17031241400,1
1147,17031241400,1
1148,17031241400,1
1149,17031241500,1
1150,17031241500,1
1151,17031241500,1
1152,17031241500,1
1153,17031241600,1
1154,17031241600,1
1155,17031241600,1
1156,17031241600,1
1157,17031242000,1
1158,17031242000,1
1159,17031242000,1
1160,17031242000,1
1161,17031242100,1
1162,17031242100,1
1163,17031242100,1
1164,17031242100,1
1165,17031242200,1
1166,17031242200,1
1167,17031242200,1
1168,17031242200,1
1169,17031242300,1
1170,17031242300,1
1171,17031242300,1
1172,17031242300,1
1173,17031242400,1
1174,17031242400,1
1175,17031242400,1
1176,17031242400,1
1177,17031242500,1
1178,17031242500,1
1179,17031242500,1
1180,17031242500,1
1181,17031242600,1
1182,17031242600,0
1183,17031242600,1
1184,17031242600,1
1185,17031242700,1
1186,17031242700,1
1187,17031242700,1
1188,17031242700,1
1189,17031242800,1
1190,17031242800,1
1191,17031242800,0
1192,17031242800,0
1193,17031242900,1
1194,17031242900,1
1195,17031242900,1
1196,17031242900,1
1197,17031243000,1
1198,17031243000,1
1199,17031243000,1
1200,17031243000,0
1201,17031243100,1
1202,17031243100,1
1203,17031243100,0
1204,17031243100,1
1205,17031243200,1
1206,17031243200,1
1207,17031243200,1
1208,17031243200,1
1209,17031243300,1
1210,17031243300,1
1211,17031243300,1
1212,17031243300,1
1213,17031243400,1
1214,17031243400,1
1215,17031243400,1
1216,17031243400,1
1217,17031243500,0
1218,17031243500,1
1219,17031243500,1
1220,17031243500,0
1221,17031250200,1
1222,17031250200,1
1223,17031250200,1
1224,17031250200,1
1225,17031250300,1
1226,17031250300,0
1227,17031250300,1
1228,17031250300,1
1229,17031250400,1
1230,17031250400,1
1231,17031250400,1
1232,17031250400,1
1233,17031250500,1
1234,17031250500,1
1235,17031250500,1
1236,17031250500,1
1237,17031250600,1
1238,17031250600,1
1239,17031250600,1
1240,17031250600,1
1241,17031250700,1
1242,17031250700,1
1243,17031250700,0
1244,17031250700,1
1245,17031250800,0
1246,17031250800,0
1247,17031250800,1
1248,17031250800,1
1249,17031251000,1
1250,17031251000,1
1251,17031251000,1
1252,17031251000,0
1253,17031251100,1
1254,17031251100,1
1255,17031251100,1
1256,17031251100,1
1257,17031251200,1
1258,17031251200,1
1259,17031251200,1
1260,17031251200,1
1261,17031251300,1
1262,17031251300,0
1263,17031251300,1
1264,17031251300,1
1265,17031251400,1
1266,17031251400,1
1267,17031251400,1
1268,17031251400,1
1269,17031251500,1
1270,17031251500,1
1271,17031251500,1
1272,17031251500,1
1273,17031251600,1
1274,17031251600,1
1275,17031251600,1
1276,17031251600,1
1277,17031251700,1
1278,17031251700,1
1279,17031251700,1
1280,17031251700,0
1281,17031251800,1
1282,17031251800,1
1283,17031251800,1
1284,17031251800,1
1285,17031251900,1
1286,17031251900,1
1287,17031251900,1
1288,17031251900,1
1289,17031252000,1
1290,17031252000,1
1291,17031252000,1
1292,17031252000,1
1293,17031252101,1
1294,17031252101,1
1295,17031252101,1
1296,17031252101,1
1297,17031252102,1
1298,17031252102,1
1299,17031252102,1
1300,17031252102,1
1301,17031252201,1
1302,17031252201,1
1303,17031252201,1
1304,17031252201,1
1305,17031252202,1
1306,17031252202,1
1307,17031252202,1
1308,17031252202,1
1309,17031260100,1
1310,17031260100,1
1311,17031260100,0
1312,17031260100,1
1313,17031260200,1
1314,17031260200,1
1315,17031260200,1
1316,17031260200,1
1317,17031260300,1
1318,17031260300,1
1319,17031260300,1
1320,17031260300,1
1321,17031260400,1
1322,17031260400,1
1323,17031260400,1
1324,17031260400,1
1325,17031260500,1
1326,17031260500,1
1327,17031260500,1
1328,17031260500,1
1329,17031260600,1
1330,17031260600,1
1331,17031260600,1
1332,17031260600,1
1333,17031260700,1
1334,17031260700,1
1335,17031260700,1
1336,17031260700,1
1337,17031260800,1
1338,17031260800,1
1339,17031260800,1
1340,17031260800,1
1341,17031260900,1
1342,17031260900,1
1343,17031260900,1
1344,17031260900,1
1345,17031261000,0
1346,17031261000,1
1347,17031261000,1
1348,17031261000,1
1349,17031270500,1
1350,17031270500,1
1351,17031270500,1
1352,17031270500,0
1353,17031271200,1
1354,17031271200,1
1355,17031271200,0
1356,17031271200,1
1357,17031271300,1
1358,17031271300,1
1359,17031271300,0
1360,17031271300,0
1361,17031271400,1
1362,17031271400,1
1363,17031271400,1
1364,17031271400,1
1365,17031271500,1
1366,17031271500,1
1367,17031271500,1
1368,17031271500,1
1369,17031271800,1
1370,17031271800,1
1371,17031271800,1
1372,17031271800,1
1373,17031280100,1
1374,17031280100,1
1375,17031280100,1
1376,17031280100,1
1377,17031280400,0
1378,17031280400,1
1379,17031280400,1
1380,17031280400,1
1381,17031280800,1
1382,17031280800,1
1383,17031280800,0
1384,17031280800,1
1385,17031280900,1
1386,17031280900,1
1387,17031280900,1
1388,17031280900,1
1389,17031281900,0
1390,17031281900,0
1391,17031281900,0
1392,17031281900,0
1393,17031282700,1
1394,17031282700,1
1395,17031282700,0
1396,17031282700,1
1397,17031282800,1
1398,17031282800,1
1399,17031282800,1
1400,17031282800,1
1401,17031283100,1
1402,17031283100,1
1403,17031283100,1
1404,17031283100,1
1405,17031283200,1
1406,17031283200,1
1407,17031283200,1
1408,17031283200,1
1409,17031283800,1
1410,17031283800,1
1411,17031283800,0
1412,17031283800,1
1413,17031290900,0
1414,17031290900,1
1415,17031290900,1
1416,17031290900,1
1417,17031291200,1
1418,17031291200,1
1419,17031291200,1
1420,17031291200,1
1421,17031291600,1
1422,17031291600,0
1423,17031291600,1
1424,17031291600,0
1425,17031292200,0
1426,17031292200,1
1427,17031292200,1
1428,17031292200,1
1429,17031292400,1
1430,17031292400,1
1431,17031292400,1
1432,17031292400,1
1433,17031292500,1
1434,17031292500,1
1435,17031292500,1
1436,17031292500,1
1437,17031300500,1
1438,17031300500,1
1439,17031300500,1
1440,17031300500,1
1441,17031300600,1
1442,17031300600,1
1443,17031300600,1
1444,17031300600,1
1445,17031300700,1
1446,17031300700,1
1447,17031300700,1
1448,17031300700,1
1449,17031300800,1
1450,17031300800,1
1451,17031300800,1
1452,17031300800,1
1453,17031300900,1
1454,17031300900,1
1455,17031300900,1
1456,17031300900,1
1457,17031301100,1
1458,17031301100,1
1459,17031301100,1
1460,17031301100,1
1461,17031301200,1
1462,17031301200,0
1463,17031301200,1
1464,17031301200,1
1465,17031301600,1
1466,17031301600,1
1467,17031301600,1
1468,17031301600,1
1469,17031301701,1
1470,17031301701,1
1471,17031301701,1
1472,17031301701,1
1473,17031301702,1
1474,17031301702,1
1475,17031301702,1
1476,17031301702,1
1477,17031301801,0
1478,17031301801,1
1479,17031301801,1
1480,17031301801,1
1481,17031301802,1
1482,17031301802,1
1483,17031301802,1
1484,17031301802,1
1485,17031301803,1
1486,17031301803,1
1487,17031301803,1
1488,17031301803,1
1489,17031310200,1
1490,17031310200,1
1491,17031310200,0
1492,17031310200,1
1493,17031310300,1
1494,17031310300,1
1495,17031310300,1
1496,17031310300,0
1497,17031310400,1
1498,17031310400,1
1499,17031310400,1
1500,17031310400,1
1501,17031310500,1
1502,17031310500,1
1503,17031310500,1
1504,17031310500,1
1505,17031310600,1
1506,17031310600,1
1507,17031310600,1
1508,17031310600,1
1509,17031310700,0
1510,17031310700,0
1511,17031310700,0
1512,17031310700,0
1513,17031310800,1
1514,17031310800,1
1515,17031310800,1
1516,17031310800,1
1517,17031310900,1
1518,17031310900,1
1519,17031310900,0
1520,17031310900,1
1521,17031320100,1
1522,17031320100,1
1523,17031320100,1
1524,17031320100,1
1525,17031320400,0
1526,17031320400,0
1527,17031320400,0
1528,17031320400,0
1529,17031320600,1
1530,17031320600,1
1531,17031320600,1
1532,17031320600,1
1533,17031330100,1
1534,17031330100,0
1535,17031330100,1
1536,17031330100,1
1537,17031330200,0
1538,17031330200,1
1539,17031330200,1
1540,17031330200,1
1541,17031340300,1
1542,17031340300,1
1543,17031340300,1
1544,17031340300,1
1545,17031340400,1
1546,17031340400,1
1547,17031340400,1
1548,17031340400,1
1549,17031340500,1
1550,17031340500,1
1551,17031340500,1
1552,17031340500,1
1553,17031340600,0
1554,17031340600,0
1555,17031340600,1
1556,17031340600,1
1557,17031351000,1
1558,17031351000,1
1559,17031351000,1
1560,17031351000,1
1561,17031351100,1
1562,17031351100,1
1563,17031351100,1
1564,17031351100,1
1565,17031351400,1
1566,17031351400,1
1567,17031351400,1
1568,17031351400,1
1569,17031360200,1
1570,17031360200,1
1571,17031360200,1
1572,17031360200,1
1573,17031380100,1
1574,17031380100,1
1575,17031380100,1
1576,17031380100,1
1577,17031380200,1
1578,17031380200,1
1579,17031380200,1
1580,17031380200,1
1581,17031380500,1
1582,17031380500,1
1583,17031380500,1
1584,17031380500,1
1585,17031380700,1
1586,17031380700,1
1587,17031380700,1
1588,17031380700,1
1589,17031381200,0
1590,17031381200,1
1591,17031381200,1
1592,17031381200,0
1593,17031381400,1
1594,17031381400,1
1595,17031381400,1
1596,17031381400,1
1597,17031381500,1
1598,17031381500,1
1599,17031381500,1
1600,17031381500,1
1601,17031381700,1
1602,17031381700,1
1603,17031381700,0
1604,17031381700,1
1605,17031381800,1
1606,17031381800,1
1607,17031381800,1
1608,17031381800,1
1609,17031390100,1
1610,17031390100,1
1611,17031390100,1
1612,17031390100,1
1613,17031390200,1
1614,17031390200,1
1615,17031390200,1
1616,17031390200,1
1617,17031390300,1
1618,17031390300,1
1619,17031390300,1
1620,17031390300,1
1621,17031390400,1
1622,17031390400,1
1623,17031390400,1
1624,17031390400,1
1625,17031390500,1
1626,17031390500,1
1627,17031390500,1
1628,17031390500,1
1629,17031390600,1
1630,17031390600,1
1631,17031390600,1
1632,17031390600,1
1633,17031390700,1
1634,17031390700,1
1635,17031390700,1
1636,17031390700,0
1637,17031400300,1
1638,17031400300,1
1639,17031400300,1
1640,17031400300,1
1641,17031400400,1
1642,17031400400,1
1643,17031400400,1
1644,17031400400,1
1645,17031400500,1
1646,17031400500,1
1647,17031400500,1
1648,17031400500,1
1649,17031400800,1
1650,17031400800,1
1651,17031400800,1
1652,17031400800,1
1653,17031410100,0
1654,17031410100,0
1655,17031410100,1
1656,17031410100,0
1657,17031410200,1
1658,17031410200,1
1659,17031410200,1
1660,17031410200,1
1661,17031410500,1
1662,17031410500,1
1663,17031410500,1
1664,17031410500,1
1665,17031410600,1
1666,17031410600,1
1667,17031410600,1
1668,17031410600,1
1669,17031410700,1
1670,17031410700,1
1671,17031410700,1
1672,17031410700,1
1673,17031410800,1
1674,17031410800,1
1675,17031410800,1
1676,17031410800,1
1677,17031410900,1
1678,17031410900,1
1679,17031410900,1
1680,17031410900,1
1681,17031411000,1
1682,17031411000,1
1683,17031411000,1
1684,17031411000,1
1685,17031411100,1
1686,17031411100,1
1687,17031411100,1
1688,17031411100,1
1689,17031411200,1
1690,17031411200,1
1691,17031411200,0
1692,17031411200,1
1693,17031420100,1
1694,17031420100,1
1695,17031420100,1
1696,17031420100,1
1697,17031420200,1
1698,17031420200,1
1699,17031420200,1
1700,17031420200,1
1701,17031420300,1
1702,17031420300,1
1703,17031420300,1
1704,17031420300,1
1705,17031420400,1
1706,17031420400,1
1707,17031420400,1
1708,17031420400,1
1709,17031420500,1
1710,17031420500,1
1711,17031420500,1
1712,17031420500,1
1713,17031420600,1
1714,17031420600,1
1715,17031420600,0
1716,17031420600,0
1717,17031420700,1
1718,17031420700,1
1719,17031420700,1
1720,17031420700,1
1721,17031420800,1
1722,17031420800,1
1723,17031420800,0
1724,17031420800,1
1725,17031421200,1
1726,17031421200,1
1727,17031421200,1
1728,17031421200,1
1729,17031430101,1
1730,17031430101,1
1731,17031430101,1
1732,17031430101,1
1733,17031430102,1
1734,17031430102,1
1735,17031430102,1
1736,17031430102,1
1737,17031430200,1
1738,17031430200,1
1739,17031430200,1
1740,17031430200,1
1741,17031430300,1
1742,17031430300,1
1743,17031430300,1
1744,17031430300,1
1745,17031430400,0
1746,17031430400,1
1747,17031430400,1
1748,17031430400,1
1749,17031430500,1
1750,17031430500,0
1751,17031430500,1
1752,17031430500,1
1753,17031430600,1
1754,17031430600,1
1755,17031430600,1
1756,17031430600,1
1757,17031430700,1
1758,17031430700,1
1759,17031430700,1
1760,17031430700,1
1761,17031430800,1
1762,17031430800,1
1763,17031430800,1
1764,17031430800,1
1765,17031430900,1
1766,17031430900,1
1767,17031430900,1
1768,17031430900,1
1769,17031431200,1
1770,17031431200,1
1771,17031431200,1
1772,17031431200,1
1773,17031431301,1
1774,17031431301,1
1775,17031431301,1
1776,17031431301,1
1777,17031431302,1
1778,17031431302,1
1779,17031431302,1
1780,17031431302,1
1781,17031431400,0
1782,17031431400,1
1783,17031431400,1
1784,17031431400,1
1785,17031440101,1
1786,17031440101,1
1787,17031440101,1
1788,17031440101,1
1789,17031440102,0
1790,17031440102,1
1791,17031440102,1
1792,17031440102,1
1793,17031440201,1
1794,17031440201,1
1795,17031440201,1
1796,17031440201,1
1797,17031440202,1
1798,17031440202,1
1799,17031440202,1
1800,17031440202,1
1801,17031440300,1
1802,17031440300,1
1803,17031440300,1
1804,17031440300,1
1805,17031440600,1
1806,17031440600,1
1807,17031440600,1
1808,17031440600,1
1809,17031440700,1
1810,17031440700,1
1811,17031440700,1
1812,17031440700,1
1813,17031440800,1
1814,17031440800,1
1815,17031440800,1
1816,17031440800,1
1817,17031440900,1
1818,17031440900,1
1819,17031440900,1
1820,17031440900,1
1821,17031450300,1
1822,17031450300,1
1823,17031450300,0
1824,17031450300,1
1825,17031460100,1
1826,17031460100,1
1827,17031460100,0
1828,17031460100,1
1829,17031460200,1
1830,17031460200,1
1831,17031460200,1
1832,17031460200,1
1833,17031460301,1
1834,17031460301,1
1835,17031460301,1
1836,17031460301,1
1837,17031460302,1
1838,17031460302,1
1839,17031460302,1
1840,17031460302,0
1841,17031460400,1
1842,17031460400,1
1843,17031460400,1
1844,17031460400,1
1845,17031460500,1
1846,17031460500,1
1847,17031460500,1
1848,17031460500,1
1849,17031460600,1
1850,17031460600,1
1851,17031460600,1
1852,17031460600,1
1853,17031460700,1
1854,17031460700,1
1855,17031460700,1
1856,17031460700,0
1857,17031461000,1
1858,17031461000,1
1859,17031461000,1
1860,17031461000,0
1861,17031470100,1
1862,17031470100,1
1863,17031470100,1
1864,17031470100,1
1865,17031480100,1
1866,17031480100,1
1867,17031480100,1
1868,17031480100,1
1869,17031480200,1
1870,17031480200,1
1871,17031480200,1
1872,17031480200,1
1873,17031480300,1
1874,17031480300,0
1875,17031480300,1
1876,17031480300,1
1877,17031480400,1
1878,17031480400,0
1879,17031480400,1
1880,17031480400,1
1881,17031480500,1
1882,17031480500,1
1883,17031480500,1
1884,17031480500,1
1885,17031490300,1
1886,17031490300,1
1887,17031490300,1
1888,17031490300,1
1889,17031490400,1
1890,17031490400,1
1891,17031490400,1
1892,17031490400,1
1893,17031490500,1
1894,17031490500,1
1895,17031490500,1
1896,17031490500,0
1897,17031490600,1
1898,17031490600,1
1899,17031490600,1
1900,17031490600,0
1901,17031490700,1
1902,17031490700,1
1903,17031490700,1
1904,17031490700,1
1905,17031490800,1
1906,17031490800,0
1907,17031490800,1
1908,17031490800,1
1909,17031490901,1
1910,17031490901,1
1911,17031490901,1
1912,17031490901,1
1913,17031490902,1
1914,17031490902,1
1915,17031490902,1
1916,17031490902,1
1917,17031491000,1
1918,17031491000,1
1919,17031491000,1
1920,17031491000,1
1921,17031491100,1
1922,17031491100,1
1923,17031491100,1
1924,17031491100,1
1925,17031491200,1
1926,17031491200,1
1927,17031491200,1
1928,17031491200,1
1929,17031491300,1
1930,17031491300,1
1931,17031491300,1
1932,17031491300,1
1933,17031491400,1
1934,17031491400,1
1935,17031491400,1
1936,17031491400,1
1937,17031500100,1
1938,17031500100,1
1939,17031500100,1
1940,17031500100,1
1941,17031500200,1
1942,17031500200,0
1943,17031500200,0
1944,17031500200,1
1945,17031500300,1
1946,17031500300,0
1947,17031500300,1
1948,17031500300,1
1949,17031510100,1
1950,17031510100,1
1951,17031510100,1
1952,17031510100,0
1953,17031510200,0
1954,17031510200,1
1955,17031510200,1
1956,17031510200,0
1957,17031510300,0
1958,17031510300,1
1959,17031510300,0
1960,17031510300,1
1961,17031520100,1
1962,17031520100,0
1963,17031520100,1
1964,17031520100,1
1965,17031520200,0
1966,17031520200,1
1967,17031520200,1
1968,17031520200,1
1969,17031520300,1
1970,17031520300,1
1971,17031520300,1
1972,17031520300,1
1973,17031520400,1
1974,17031520400,0
1975,17031520400,1
1976,17031520400,1
1977,17031520500,1
1978,17031520500,1
1979,17031520500,1
1980,17031520500,1
1981,17031520600,1
1982,17031520600,1
1983,17031520600,1
1984,17031520600,1
1985,17031530100,0
1986,17031530100,1
1987,17031530100,1
1988,17031530100,1
1989,17031530200,1
1990,17031530200,1
1991,17031530200,0
1992,17031530200,1
1993,17031530300,1
1994,17031530300,1
1995,17031530300,1
1996,17031530300,1
1997,17031530400,1
1998,17031530400,0
1999,17031530400,0
2000,17031530400,1
2001,17031530501,1
2002,17031530501,1
2003,17031530501,1
2004,17031530501,1
2005,17031530502,1
2006,17031530502,1
2007,17031530502,1
2008,17031530502,0
2009,17031530503,1
2010,17031530503,0
2011,17031530503,1
2012,17031530503,1
2013,17031530600,1
2014,17031530600,1
2015,17031530600,1
2016,17031530600,1
2017,17031540101,1
2018,17031540101,1
2019,17031540101,0
2020,17031540101,1
2021,17031540102,1
2022,17031540102,1
2023,17031540102,1
2024,17031540102,1
2025,17031550100,0
2026,17031550100,1
2027,17031550100,1
2028,17031550100,1
2029,17031550200,0
2030,17031550200,1
2031,17031550200,0
2032,17031550200,0
2033,17031560100,0
2034,17031560100,0
2035,17031560100,1
2036,17031560100,1
2037,17031560200,0
2038,17031560200,1
2039,17031560200,1
2040,17031560200,1
2041,17031560300,1
2042,17031560300,1
2043,17031560300,1
2044,17031560300,1
2045,17031560400,1
2046,17031560400,1
2047,17031560400,1
2048,17031560400,1
2049,17031560700,1
2050,17031560700,1
2051,17031560700,1
2052,17031560700,0
2053,17031560800,1
2054,17031560800,1
2055,17031560800,1
2056,17031560800,1
2057,17031560900,1
2058,17031560900,1
2059,17031560900,1
2060,17031560900,1
2061,17031561000,1
2062,17031561000,1
2063,17031561000,1
2064,17031561000,1
2065,17031561100,1
2066,17031561100,1
2067,17031561100,1
2068,17031561100,1
2069,17031570100,0
2070,17031570100,0
2071,17031570100,1
2072,17031570100,0
2073,17031570200,1
2074,17031570200,1
2075,17031570200,0
2076,17031570200,1
2077,17031570300,1
2078,17031570300,1
2079,17031570300,1
2080,17031570300,1
2081,17031570400,1
2082,17031570400,1
2083,17031570400,1
2084,17031570400,1
2085,17031570500,1
2086,17031570500,1
2087,17031570500,1
2088,17031570500,0
2089,17031580100,0
2090,17031580100,0
2091,17031580100,1
2092,17031580100,1
2093,17031580200,0
2094,17031580200,1
2095,17031580200,1
2096,17031580200,1
2097,17031580300,0
2098,17031580300,0
2099,17031580300,1
2100,17031580300,1
2101,17031580400,1
2102,17031580400,0
2103,17031580400,0
2104,17031580400,1
2105,17031580501,1
2106,17031580501,1
2107,17031580501,1
2108,17031580501,1
2109,17031580502,1
2110,17031580502,1
2111,17031580502,1
2112,17031580502,1
2113,17031580600,1
2114,17031580600,0
2115,17031580600,1
2116,17031580600,1
2117,17031580700,1
2118,17031580700,1
2119,17031580700,1
2120,17031580700,1
2121,17031580800,1
2122,17031580800,1
2123,17031580800,1
2124,17031580800,1
2125,17031590500,1
2126,17031590500,1
2127,17031590500,1
2128,17031590500,1
2129,17031590600,1
2130,17031590600,1
2131,17031590600,1
2132,17031590600,1
2133,17031590700,1
2134,17031590700,0
2135,17031590700,1
2136,17031590700,1
2137,17031600400,1
2138,17031600400,1
2139,17031600400,1
2140,17031600400,0
2141,17031600600,1
2142,17031600600,1
2143,17031600600,1
2144,17031600600,1
2145,17031600700,1
2146,17031600700,1
2147,17031600700,1
2148,17031600700,1
2149,17031600900,1
2150,17031600900,1
2151,17031600900,1
2152,17031600900,1
2153,17031610300,0
2154,17031610300,0
2155,17031610300,0
2156,17031610300,1
2157,17031610400,1
2158,17031610400,1
2159,17031610400,1
2160,17031610400,1
2161,17031610800,1
2162,17031610800,1
2163,17031610800,1
2164,17031610800,1
2165,17031611000,0
2166,17031611000,1
2167,17031611000,1
2168,17031611000,1
2169,17031611100,1
2170,17031611100,1
2171,17031611100,1
2172,17031611100,1
2173,17031611200,1
2174,17031611200,1
2175,17031611200,1
2176,17031611200,1
2177,17031611300,1
2178,17031611300,1
2179,17031611300,1
2180,17031611300,1
2181,17031611400,1
2182,17031611400,1
2183,17031611400,1
2184,17031611400,1
2185,17031611500,1
2186,17031611500,1
2187,17031611500,1
2188,17031611500,1
2189,17031611600,1
2190,17031611600,1
2191,17031611600,1
2192,17031611600,1
2193,17031611700,1
2194,17031611700,1
2195,17031611700,1
2196,17031611700,1
2197,17031611800,1
2198,17031611800,1
2199,17031611800,1
2200,17031611800,1
2201,17031611900,1
2202,17031611900,1
2203,17031611900,1
2204,17031611900,0
2205,17031612000,1
2206,17031612000,1
2207,17031612000,1
2208,17031612000,1
2209,17031612100,1
2210,17031612100,1
2211,17031612100,1
2212,17031612100,1
2213,17031620100,1
2214,17031620100,1
2215,17031620100,0
2216,17031620100,1
2217,17031620200,1
2218,17031620200,0
2219,17031620200,1
2220,17031620200,1
2221,17031620300,1
2222,17031620300,1
2223,17031620300,1
2224,17031620300,1
2225,17031620400,1
2226,17031620400,0
2227,17031620400,1
2228,17031620400,1
2229,17031630100,1
2230,17031630100,1
2231,17031630100,0
2232,17031630100,1
2233,17031630200,1
2234,17031630200,1
2235,17031630200,0
2236,17031630200,1
2237,17031630300,1
2238,17031630300,1
2239,17031630300,1
2240,17031630300,1
2241,17031630400,1
2242,17031630400,1
2243,17031630400,1
2244,17031630400,1
2245,17031630500,1
2246,17031630500,1
2247,17031630500,1
2248,17031630500,1
2249,17031630800,1
2250,17031630800,1
2251,17031630800,1
2252,17031630800,1
2253,17031630900,1
2254,17031630900,1
2255,17031630900,0
2256,17031630900,1
2257,17031640100,1
2258,17031640100,0
2259,17031640100,1
2260,17031640100,1
2261,17031640300,1
2262,17031640300,1
2263,17031640300,1
2264,17031640300,1
2265,17031640400,0
2266,17031640400,1
2267,17031640400,1
2268,17031640400,1
2269,17031640500,1
2270,17031640500,1
2271,17031640500,0
2272,17031640500,1
2273,17031640600,1
2274,17031640600,1
2275,17031640600,1
2276,17031640600,1
2277,17031640700,1
2278,17031640700,1
2279,17031640700,1
2280,17031640700,1
2281,17031640800,1
2282,17031640800,1
2283,17031640800,1
2284,17031640800,1
2285,17031650100,1
2286,17031650100,1
2287,17031650100,1
2288,17031650100,1
2289,17031650200,1
2290,17031650200,1
2291,17031650200,1
2292,17031650200,1
2293,17031650301,1
2294,17031650301,1
2295,17031650301,1
2296,17031650301,1
2297,17031650302,1
2298,17031650302,1
2299,17031650302,0
2300,17031650302,1
2301,17031650400,1
2302,17031650400,1
2303,17031650400,0
2304,17031650400,1
2305,17031650500,1
2306,17031650500,1
2307,17031650500,1
2308,17031650500,0
2309,17031660301,1
2310,17031660301,0
2311,17031660301,1
2312,17031660301,1
2313,17031660302,1
2314,17031660302,1
2315,17031660302,1
2316,17031660302,1
2317,17031660400,1
2318,17031660400,1
2319,17031660400,1
2320,17031660400,1
2321,17031660500,1
2322,17031660500,1
2323,17031660500,1
2324,17031660500,1
2325,17031660600,1
2326,17031660600,1
2327,17031660600,1
2328,17031660600,1
2329,17031660700,1
2330,17031660700,1
2331,17031660700,1
2332,17031660700,1
2333,17031660800,1
2334,17031660800,1
2335,17031660800,1
2336,17031660800,1
2337,17031660900,1
2338,17031660900,1
2339,17031660900,1
2340,17031660900,1
2341,17031661000,1
2342,17031661000,1
2343,17031661000,1
2344,17031661000,1
2345,17031661100,1
2346,17031661100,1
2347,17031661100,0
2348,17031661100,1
2349,17031670100,1
2350,17031670100,1
2351,17031670100,1
2352,17031670100,1
2353,17031670200,1
2354,17031670200,1
2355,17031670200,1
2356,17031670200,1
2357,17031670300,1
2358,17031670300,1
2359,17031670300,1
2360,17031670300,1
2361,17031670400,1
2362,17031670400,1
2363,17031670400,1
2364,17031670400,1
2365,17031670500,1
2366,17031670500,1
2367,17031670500,0
2368,17031670500,1
2369,17031670600,1
2370,17031670600,1
2371,17031670600,1
2372,17031670600,1
2373,17031670700,1
2374,17031670700,0
2375,17031670700,1
2376,17031670700,1
2377,17031670800,1
2378,17031670800,1
2379,17031670800,1
2380,17031670800,1
2381,17031670900,0
2382,17031670900,1
2383,17031670900,1
2384,17031670900,1
2385,17031671100,1
2386,17031671100,1
2387,17031671100,1
2388,17031671100,1
2389,17031671200,1
2390,17031671200,1
2391,17031671200,1
2392,17031671200,1
2393,17031671300,1
2394,17031671300,1
2395,17031671300,1
2396,17031671300,1
2397,17031671400,1
2398,17031671400,1
2399,17031671400,1
2400,17031671400,1
2401,17031671500,1
2402,17031671500,1
2403,17031671500,1
2404,17031671500,1
2405,17031671600,1
2406,17031671600,1
2407,17031671600,1
2408,17031671600,1
2409,17031671800,1
2410,17031671800,1
2411,17031671800,1
2412,17031671800,1
2413,17031671900,1
2414,17031671900,1
2415,17031671900,1
2416,17031671900,1
2417,17031672000,1
2418,17031672000,1
2419,17031672000,1
2420,17031672000,1
2421,17031680500,1
2422,17031680500,1
2423,17031680500,1
2424,17031680500,1
2425,17031680600,1
2426,17031680600,1
2427,17031680600,1
2428,17031680600,1
2429,17031680900,1
2430,17031680900,1
2431,17031680900,1
2432,17031680900,1
2433,17031681000,1
2434,17031681000,1
2435,17031681000,1
2436,17031681000,1
2437,17031681100,1
2438,17031681100,1
2439,17031681100,1
2440,17031681100,1
2441,17031681200,1
2442,17031681200,1
2443,17031681200,1
2444,17031681200,1
2445,17031681300,1
2446,17031681300,1
2447,17031681300,1
2448,17031681300,0
2449,17031681400,1
2450,17031681400,1
2451,17031681400,1
2452,17031681400,1
2453,17031690300,1
2454,17031690300,1
2455,17031690300,1
2456,17031690300,1
2457,17031690400,1
2458,17031690400,1
2459,17031690400,1
2460,17031690400,1
2461,17031690500,1
2462,17031690500,1
2463,17031690500,1
2464,17031690500,1
2465,17031690900,1
2466,17031690900,1
2467,17031690900,1
2468,17031690900,1
2469,17031691000,1
2470,17031691000,1
2471,17031691000,1
2472,17031691000,1
2473,17031691100,1
2474,17031691100,1
2475,17031691100,1
2476,17031691100,1
2477,17031691200,1
2478,17031691200,1
2479,17031691200,1
2480,17031691200,1
2481,17031691300,1
2482,17031691300,1
2483,17031691300,1
2484,17031691300,1
2485,17031691400,1
2486,17031691400,0
2487,17031691400,1
2488,17031691400,1
2489,17031691500,1
2490,17031691500,0
2491,17031691500,1
2492,17031691500,1
2493,17031700100,0
2494,17031700100,1
2495,17031700100,0
2496,17031700100,1
2497,17031700200,1
2498,17031700200,1
2499,17031700200,1
2500,17031700200,1
2501,17031700301,1
2502,17031700301,1
2503,17031700301,1
2504,17031700301,1
2505,17031700302,1
2506,17031700302,1
2507,17031700302,1
2508,17031700302,1
2509,17031700401,0
2510,17031700401,1
2511,17031700401,1
2512,17031700401,1
2513,17031700402,1
2514,17031700402,0
2515,17031700402,1
2516,17031700402,1
2517,17031700501,1
2518,17031700501,1
2519,17031700501,1
2520,17031700501,1
2521,17031700502,1
2522,17031700502,1
2523,17031700502,1
2524,17031700502,1
2525,17031710100,1
2526,17031710100,1
2527,17031710100,1
2528,17031710100,1
2529,17031710200,1
2530,17031710200,1
2531,17031710200,1
2532,17031710200,1
2533,17031710300,1
2534,17031710300,1
2535,17031710300,1
2536,17031710300,1
2537,17031710400,1
2538,17031710400,1
2539,17031710400,1
2540,17031710400,1
2541,17031710500,1
2542,17031710500,1
2543,17031710500,1
2544,17031710500,1
2545,17031710600,1
2546,17031710600,1
2547,17031710600,1
2548,17031710600,1
2549,17031710700,1
2550,17031710700,1
2551,17031710700,1
2552,17031710700,1
2553,17031710800,1
2554,17031710800,1
2555,17031710800,1
2556,17031710800,1
2557,17031710900,1
2558,17031710900,1
2559,17031710900,1
2560,17031710900,1
2561,17031711000,1
2562,17031711000,1
2563,17031711000,1
2564,17031711000,1
2565,17031711100,1
2566,17031711100,1
2567,17031711100,1
2568,17031711100,1
2569,17031711200,1
2570,17031711200,1
2571,17031711200,1
2572,17031711200,1
2573,17031711300,1
2574,17031711300,1
2575,17031711300,1
2576,17031711300,1
2577,17031711400,0
2578,17031711400,1
2579,17031711400,1
2580,17031711400,0
2581,17031711500,1
2582,17031711500,1
2583,17031711500,1
2584,17031711500,1
2585,17031720100,1
2586,17031720100,1
2587,17031720100,1
2588,17031720100,1
2589,17031720200,1
2590,17031720200,1
2591,17031720200,1
2592,17031720200,1
2593,17031720300,1
2594,17031720300,1
2595,17031720300,1
2596,17031720300,1
2597,17031720400,1
2598,17031720400,1
2599,17031720400,1
2600,17031720400,1
2601,17031720500,1
2602,17031720500,1
2603,17031720500,1
2604,17031720500,1
2605,17031720600,1
2606,17031720600,0
2607,17031720600,1
2608,17031720600,1
2609,17031720700,1
2610,17031720700,1
2611,17031720700,1
2612,17031720700,1
2613,17031730100,1
2614,17031730100,1
2615,17031730100,1
2616,17031730100,1
2617,17031730201,1
2618,17031730201,1
2619,17031730201,1
2620,17031730201,1
2621,17031730202,1
2622,17031730202,1
2623,17031730202,1
2624,17031730202,1
2625,17031730300,1
2626,17031730300,1
2627,17031730300,1
2628,17031730300,1
2629,17031730400,1
2630,17031730400,1
2631,17031730400,1
2632,17031730400,1
2633,17031730500,1
2634,17031730500,1
2635,17031730500,1
2636,17031730500,1
2637,17031730600,1
2638,17031730600,1
2639,17031730600,0
2640,17031730600,1
2641,17031730700,0
2642,17031730700,1
2643,17031730700,1
2644,17031730700,1
2645,17031740100,1
2646,17031740100,1
2647,17031740100,1
2648,17031740100,1
2649,17031740200,1
2650,17031740200,1
2651,17031740200,1
2652,17031740200,1
2653,17031740300,1
2654,17031740300,1
2655,17031740300,1
2656,17031740300,1
2657,17031740400,1
2658,17031740400,1
2659,17031740400,1
2660,17031740400,0
2661,17031750100,1
2662,17031750100,1
2663,17031750100,1
2664,17031750100,1
2665,17031750200,1
2666,17031750200,1
2667,17031750200,1
2668,17031750200,1
2669,17031750300,1
2670,17031750300,1
2671,17031750300,1
2672,17031750300,1
2673,17031750400,1
2674,17031750400,1
2675,17031750400,1
2676,17031750400,1
2677,17031750500,0
2678,17031750500,1
2679,17031750500,1
2680,17031750500,0
2681,17031750600,1
2682,17031750600,1
2683,17031750600,1
2684,17031750600,1
2685,17031760801,1
2686,17031760801,0
2687,17031760801,0
2688,17031760801,1
2689,17031760802,1
2690,17031760802,1
2691,17031760802,1
2692,17031760802,1
2693,17031760803,1
2694,17031760803,1
2695,17031760803,1
2696,17031760803,1
2697,17031770902,1
2698,17031770902,1
2699,17031770902,1
2700,17031770902,1
2701,17031810400,0
2702,17031810400,1
2703,17031810400,1
2704,17031810400,1
2705,17031830500,1
2706,17031830500,1
2707,17031830500,0
2708,17031830500,1
2709,17031830600,1
2710,17031830600,1
2711,17031830600,1
2712,17031830600,1
2713,17031830700,1
2714,17031830700,0
2715,17031830700,1
2716,17031830700,1
2717,17031830800,1
2718,17031830800,1
2719,17031830800,1
2720,17031830800,1
2721,17031830900,1
2722,17031830900,1
2723,17031830900,0
2724,17031830900,0
2725,17031831000,1
2726,17031831000,1
2727,17031831000,1
2728,17031831000,1
2729,17031831100,1
2730,17031831100,0
2731,17031831100,1
2732,17031831100,0
2733,17031831200,1
2734,17031831200,1
2735,17031831200,1
2736,17031831200,1
2737,17031831300,1
2738,17031831300,1
2739,17031831300,1
2740,17031831300,0
2741,17031831400,0
2742,17031831400,1
2743,17031831400,1
2744,17031831400,0
2745,17031831500,1
2746,17031831500,1
2747,17031831500,1
2748,17031831500,1
2749,17031831600,1
2750,17031831600,1
2751,17031831600,1
2752,17031831600,1
2753,17031831700,1
2754,17031831700,1
2755,17031831700,1
2756,17031831700,0
2757,17031831800,1
2758,17031831800,1
2759,17031831800,1
2760,17031831800,1
2761,17031831900,1
2762,17031831900,1
2763,17031831900,1
2764,17031831900,1
2765,17031832000,1
2766,17031832000,1
2767,17031832000,1
2768,17031832000,1
2769,17031832100,1
2770,17031832100,1
2771,17031832100,1
2772,17031832100,1
2773,17031832200,1
2774,17031832200,1
2775,17031832200,1
2776,17031832200,1
2777,17031832300,0
2778,17031832300,1
2779,17031832300,1
2780,17031832300,1
2781,17031832400,1
2782,17031832400,1
2783,17031832400,1
2784,17031832400,1
2785,17031832500,0
2786,17031832500,1
2787,17031832500,1
2788,17031832500,0
2789,17031832600,1
2790,17031832600,1
2791,17031832600,1
2792,17031832600,1
2793,17031832900,1
2794,17031832900,0
2795,17031832900,1
2796,17031832900,1
2797,17031833000,1
2798,17031833000,0
2799,17031833000,1
2800,17031833000,1
2801,17031833100,1
2802,17031833100,0
2803,17031833100,1
2804,17031833100,0
2805,17031833300,0
2806,17031833300,1
2807,17031833300,1
2808,17031833300,1
2809,17031833900,1
2810,17031833900,1
2811,17031833900,1
2812,17031833900,0
2813,17031834000,1
2814,17031834000,0
2815,17031834000,1
2816,17031834000,0
2817,17031834200,1
2818,17031834200,0
2819,17031834200,0
2820,17031834200,1
2821,17031834300,0
2822,17031834300,1
2823,17031834300,1
2824,17031834300,1
2825,17031834400,1
2826,17031834400,1
2827,17031834400,1
2828,17031834400,1
2829,17031834500,1
2830,17031834500,1
2831,17031834500,1
2832,17031834500,1
2833,17031834600,1
2834,17031834600,0
2835,17031834600,1
2836,17031834600,1
2837,17031834700,1
2838,17031834700,1
2839,17031834700,1
2840,17031834700,1
2841,17031834800,1
2842,17031834800,1
2843,17031834800,1
2844,17031834800,1
2845,17031834900,1
2846,17031834900,1
2847,17031834900,1
2848,17031834900,1
2849,17031835000,1
2850,17031835000,1
2851,17031835000,1
2852,17031835000,0
2853,17031835100,1
2854,17031835100,1
2855,17031835100,1
2856,17031835100,1
2857,17031835200,1
2858,17031835200,1
2859,17031835200,0
2860,17031835200,1
2861,17031835500,1
2862,17031835500,0
2863,17031835500,1
2864,17031835500,1
2865,17031835600,1
2866,17031835600,0
2867,17031835600,1
2868,17031835600,0
2869,17031835700,1
2870,17031835700,1
2871,17031835700,1
2872,17031835700,1
2873,17031835800,1
2874,17031835800,1
2875,17031835800,1
2876,17031835800,1
2877,17031835900,1
2878,17031835900,1
2879,17031835900,1
2880,17031835900,1
2881,17031836000,1
2882,17031836000,1
2883,17031836000,1
2884,17031836000,1
2885,17031836100,1
2886,17031836100,1
2887,17031836100,1
2888,17031836100,1
2889,17031836200,1
2890,17031836200,1
2891,17031836200,1
2892,17031836200,1
2893,17031836300,1
2894,17031836300,1
2895,17031836300,1
2896,17031836300,1
2897,17031836400,1
2898,17031836400,1
2899,17031836400,1
2900,17031836400,1
2901,17031836500,1
2902,17031836500,1
2903,17031836500,1
2904,17031836500,0
2905,17031836600,1
2906,17031836600,1
2907,17031836600,1
2908,17031836600,1
2909,17031836700,1
2910,17031836700,1
2911,17031836700,1
2912,17031836700,0
2913,17031836800,1
2914,17031836800,1
2915,17031836800,1
2916,17031836800,1
2917,17031836900,1
2918,17031836900,1
2919,17031836900,1
2920,17031836900,1
2921,17031837000,0
2922,17031837000,1
2923,17031837000,1
2924,17031837000,1
2925,17031837100,1
2926,17031837100,0
2927,17031837100,1
2928,17031837100,1
2929,17031837300,1
2930,17031837300,1
2931,17031837300,1
2932,17031837300,1
2933,17031837400,1
2934,17031837400,1
2935,17031837400,1
2936,17031837400,1
2937,17031837800,0
2938,17031837800,1
2939,17031837800,0
2940,17031837800,1
2941,17031838000,1
2942,17031838000,1
2943,17031838000,1
2944,17031838000,1
2945,17031838100,1
2946,17031838100,0
2947,17031838100,1
2948,17031838100,1
2949,17031838200,1
2950,17031838200,1
2951,17031838200,0
2952,17031838200,1
2953,17031838300,1
2954,17031838300,1
2955,17031838300,1
2956,17031838300,1
2957,17031838600,1
2958,17031838600,1
2959,17031838600,1
2960,17031838600,1
2961,17031838700,1
2962,17031838700,1
2963,17031838700,1
2964,17031838700,0
2965,17031838800,1
2966,17031838800,0
2967,17031838800,1
2968,17031838800,1
2969,17031839000,1
2970,17031839000,1
2971,17031839000,1
2972,17031839000,1
2973,17031839100,1
2974,17031839100,1
2975,17031839100,1
2976,17031839100,0
2977,17031839200,1
2978,17031839200,1
2979,17031839200,1
2980,17031839200,1
2981,17031839500,1
2982,17031839500,1
2983,17031839500,1
2984,17031839500,1
2985,17031839600,1
2986,17031839600,1
2987,17031839600,1
2988,17031839600,1
2989,17031839700,1
2990,17031839700,1
2991,17031839700,1
2992,17031839700,1
2993,17031839800,1
2994,17031839800,0
2995,17031839800,1
2996,17031839800,1
2997,17031839900,0
2998,17031839900,1
2999,17031839900,1
3000,17031839900,1
3001,17031840000,1
3002,17031840000,1
3003,17031840000,1
3004,17031840000,1
3005,17031840100,1
3006,17031840100,0
3007,17031840100,1
3008,17031840100,1
3009,17031840200,0
3010,17031840200,0
3011,17031840200,0
3012,17031840200,1
3013,17031840300,1
3014,17031840300,1
3015,17031840300,0
3016,17031840300,1
3017,17031840400,0
3018,17031840400,1
3019,17031840400,1
3020,17031840400,0
3021,17031840700,1
3022,17031840700,1
3023,17031840700,1
3024,17031840700,1
3025,17031840800,1
3026,17031840800,1
3027,17031840800,1
3028,17031840800,1
3029,17031841000,1
3030,17031841000,1
3031,17031841000,0
3032,17031841000,1
3033,17031841100,1
3034,17031841100,0
3035,17031841100,1
3036,17031841100,0
3037,17031841200,0
3038,17031841200,0
3039,17031841200,1
3040,17031841200,1
3041,17031841300,1
3042,17031841300,1
3043,17031841300,0
3044,17031841300,1
3045,17031841400,1
3046,17031841400,1
3047,17031841400,1
3048,17031841400,1
3049,17031841500,1
3050,17031841500,1
3051,17031841500,1
3052,17031841500,1
3053,17031841600,1
3054,17031841600,1
3055,17031841600,1
3056,17031841600,1
3057,17031841700,1
3058,17031841700,1
3059,17031841700,1
3060,17031841700,1
3061,17031841800,1
3062,17031841800,1
3063,17031841800,1
3064,17031841800,1
3065,17031841900,1
3066,17031841900,0
3067,17031841900,1
3068,17031841900,0
3069,17031842000,1
3070,17031842000,1
3071,17031842000,1
3072,17031842000,1
3073,17031842100,1
3074,17031842100,1
3075,17031842100,0
3076,17031842100,1
3077,17031842200,0
3078,17031842200,1
3079,17031842200,1
3080,17031842200,0
3081,17031842300,0
3082,17031842300,1
3083,17031842300,1
3084,17031842300,1
3089,17031842500,0
3090,17031842500,1
3091,17031842500,0
3092,17031842500,1
3093,17031842600,0
3094,17031842600,0
3095,17031842600,0
3096,17031842600,1
3097,17031842800,1
3098,17031842800,1
3099,17031842800,0
3100,17031842800,0
3101,17031842900,1
3102,17031842900,0
3103,17031842900,0
3104,17031842900,0
3105,17031843000,1
3106,17031843000,0
3107,17031843000,0
3108,17031843000,1
3109,17031843100,1
3110,17031843100,1
3111,17031843100,1
3112,17031843100,1
3113,17031843200,1
3114,17031843200,0
3115,17031843200,0
3116,17031843200,1
3117,17031843300,1
3118,17031843300,1
3119,17031843300,1
3120,17031843300,0
3121,17031843400,1
3122,17031843400,0
3123,17031843400,1
3124,17031843400,1
3125,17031843500,1
3126,17031843500,0
3127,17031843500,1
3128,17031843500,0
3129,17031843600,0
3130,17031843600,1
3131,17031843600,1
3132,17031843600,1
3133,17031843700,0
3134,17031843700,1
3135,17031843700,1
3136,17031843700,1
3137,17031843800,1
3138,17031843800,1
3139,17031843800,1
3140,17031843800,0
3141,17031843900,1
3142,17031843900,1
3143,17031843900,1
3144,17031843900,1
